评论	评论时间	笔记标题	笔记链接	用户名	IP属地	笔记内容
[偷笑R][偷笑R][偷笑R]	2024/3/23	中山婚礼｜我看见你 在向我微笑	https://www.xiaohongshu.com/explore/65fed1640000000012021af2	Queen皇后影像	广东	感动满满的户外仪式Mizuki明浠 东主有喜
活捉[蹲后续H]	2024/3/23	中山婚礼｜我看见你 在向我微笑	https://www.xiaohongshu.com/explore/65fed1640000000012021af2	Queen皇后影像	广东	感动满满的户外仪式Mizuki明浠 东主有喜
[派对R][派对R]	2024/3/24	中山婚礼｜我看见你 在向我微笑	https://www.xiaohongshu.com/explore/65fed1640000000012021af2	Queen皇后影像	广东	感动满满的户外仪式Mizuki明浠 东主有喜
[色色R]燕窝真的好好吃 好方便	2024/3/25	2024春季婚礼沙龙 | 春日游园会???	https://www.xiaohongshu.com/explore/65fec3420000000012033748	CHENGJIA诚家一站式婚礼	广东	广州星河湾酒店X诚家婚礼?春季启程，惬意探索春天花事????婚礼沙龙与集市/手作??相结合，有萌宠为伴??????花香肆意飘散，与快乐不期而遇~??鸣谢本次婚礼沙龙优秀合作商家：场地| @广州星河湾物业策划| @CHENGJIA诚家一站式婚礼摄影| @MRiceStudio摄影工作室摄像| @EMP Studio主持| @品悦司仪联盟化妆| @拾米安美学工房-安米娅婚纱| @HolyBridal西装| @匠裁JIANGCAI高级西服定制燕窝|@燕口福汽车|@ 美轮汽车集团-昊铂汽车汽车|@Wcc超跑俱乐部#游园会 #婚礼场地 #婚礼细节 #真实婚礼 #婚礼攻略 #户外婚礼 #活动布置 #结婚
私信	2024/3/23	定格下这场绿意盎然，8888套餐遥遥领先！	https://www.xiaohongshu.com/explore/65fd96fe000000000d00f8ee	安鑫婚庆	广东	8888全场一站式婚礼布置包含四大金刚摄影录像化妆，限定活动加9.9元送即影即有照片现场打印无限制打印，服务范围广东省内！#小清新婚礼 #森系婚礼 #主题婚礼 #一站式婚礼 #真实婚礼 #婚礼攻略 #婚礼 #真实婚礼 #小清新婚礼 #婚礼现场 #户外婚礼 #婚礼纪实 #广州婚礼 #深圳婚礼 #中山婚礼 #东莞婚礼 #佛山婚礼
那是！我赞同！ 哈哈哈哈哈[害羞R][害羞R][害羞R]	2024/3/22	发婚礼请帖时，统一来宾们的着装颜色呀??	https://www.xiaohongshu.com/explore/65fcf68d0000000012032309	摄影师 星星的星	广东	如果可以的话，办户外婚礼的时候建议统一一下宾客们的服装色系，这样整场婚礼会更加有仪式感&有意义哦～ 如果你的婚礼有某种特定主题或色系，也可以把“dress code”主题写在你的婚礼请柬上哦～ 这样来宾服装的风格或者颜色，来与婚礼的风格和色调会有呼应。（?Dress code指的是着装规定，这在国外的派对、婚礼上十分常见，备婚过于复杂，很多新人会忽视这一点，其实有了 dress code，可以大大提升婚礼氛围哦~）原因有如下：??营造整体氛围：统一的服装颜色可以让整个婚礼现场看起来更加整洁、和谐，营造出一种独特的氛围。??突出主题：如果新人有特别的婚礼主题，例如某种颜色或风格，要求宾客穿着相应颜色的服装可以更好地突出主题。??拍照效果：统一服装颜色会让照片更加美观，也更容易拍出有特色的集体照。??方便宾客：对于一些不太擅长搭配服装的宾客来说，统一颜色可以让他们更容易选择合适的服装。??体现仪式感：这种要求可以让宾客更加投入到婚礼的氛围中，增强仪式感。当然，是否要求宾客统一服装颜色完全取决于新人的个人喜好和婚礼的整体策划。在实际执行中，还是要需要考虑宾客的接受程度和年龄范围，比较适用于少人一点的户外婚礼~ [哇R]你参加过要求统一服装颜色的婚礼吗？.#广州婚礼跟拍 #深圳婚礼跟拍 #佛山婚礼跟拍#我的走心婚礼 #胶片婚礼 #户外婚礼 #婚礼攻略
[飞吻R][飞吻R][飞吻R][飞吻R][飞吻R][飞吻R]	2024/3/22	发婚礼请帖时，统一来宾们的着装颜色呀??	https://www.xiaohongshu.com/explore/65fcf68d0000000012032309	摄影师 星星的星	广东	如果可以的话，办户外婚礼的时候建议统一一下宾客们的服装色系，这样整场婚礼会更加有仪式感&有意义哦～ 如果你的婚礼有某种特定主题或色系，也可以把“dress code”主题写在你的婚礼请柬上哦～ 这样来宾服装的风格或者颜色，来与婚礼的风格和色调会有呼应。（?Dress code指的是着装规定，这在国外的派对、婚礼上十分常见，备婚过于复杂，很多新人会忽视这一点，其实有了 dress code，可以大大提升婚礼氛围哦~）原因有如下：??营造整体氛围：统一的服装颜色可以让整个婚礼现场看起来更加整洁、和谐，营造出一种独特的氛围。??突出主题：如果新人有特别的婚礼主题，例如某种颜色或风格，要求宾客穿着相应颜色的服装可以更好地突出主题。??拍照效果：统一服装颜色会让照片更加美观，也更容易拍出有特色的集体照。??方便宾客：对于一些不太擅长搭配服装的宾客来说，统一颜色可以让他们更容易选择合适的服装。??体现仪式感：这种要求可以让宾客更加投入到婚礼的氛围中，增强仪式感。当然，是否要求宾客统一服装颜色完全取决于新人的个人喜好和婚礼的整体策划。在实际执行中，还是要需要考虑宾客的接受程度和年龄范围，比较适用于少人一点的户外婚礼~ [哇R]你参加过要求统一服装颜色的婚礼吗？.#广州婚礼跟拍 #深圳婚礼跟拍 #佛山婚礼跟拍#我的走心婚礼 #胶片婚礼 #户外婚礼 #婚礼攻略
怎么没看到你发？终于宠幸你是不是？阿哈哈？	2024/3/21	早春雨季的户外婚礼Look	https://www.xiaohongshu.com/explore/65fc38890000000012034df5	化妆师JAZZ	广东	Halo ，我系化妆师jazz广东早春的特征就是下雨回南天春天就是万物生长的季节，一切素材源于自然-虽然婚礼当天准备啦假花，但是都不及场地的鲜花好看有时候婚礼的造型真的是唯一的，当天花材都是我在婚礼现场的庭院直接采摘，直接使用，直接做造型都是新娘独一无二的美啊-这是一场属于下雨天独美的婚礼#户外婚礼跟妆 #户外婚礼鲜花造型 #婚礼造型 #户外婚礼造型 #新娘造型 #户外新娘造型 #婚礼跟妆 #新娘跟妆 #广州 #化妆师
有，看工作花絮后面 a d d	2024/3/23	早春雨季的户外婚礼Look	https://www.xiaohongshu.com/explore/65fc38890000000012034df5	化妆师JAZZ	广东	Halo ，我系化妆师jazz广东早春的特征就是下雨回南天春天就是万物生长的季节，一切素材源于自然-虽然婚礼当天准备啦假花，但是都不及场地的鲜花好看有时候婚礼的造型真的是唯一的，当天花材都是我在婚礼现场的庭院直接采摘，直接使用，直接做造型都是新娘独一无二的美啊-这是一场属于下雨天独美的婚礼#户外婚礼跟妆 #户外婚礼鲜花造型 #婚礼造型 #户外婚礼造型 #新娘造型 #户外新娘造型 #婚礼跟妆 #新娘跟妆 #广州 #化妆师
阿哈哈哈哈哈！谢谢呢	2024/3/22	早春雨季的户外婚礼Look	https://www.xiaohongshu.com/explore/65fc38890000000012034df5	化妆师JAZZ	广东	Halo ，我系化妆师jazz广东早春的特征就是下雨回南天春天就是万物生长的季节，一切素材源于自然-虽然婚礼当天准备啦假花，但是都不及场地的鲜花好看有时候婚礼的造型真的是唯一的，当天花材都是我在婚礼现场的庭院直接采摘，直接使用，直接做造型都是新娘独一无二的美啊-这是一场属于下雨天独美的婚礼#户外婚礼跟妆 #户外婚礼鲜花造型 #婚礼造型 #户外婚礼造型 #新娘造型 #户外新娘造型 #婚礼跟妆 #新娘跟妆 #广州 #化妆师
可以呀 户外	2024/3/22		https://www.xiaohongshu.com/explore/65fc3f300000000013027ae4	Noegarden奈野花园	广东	3.22号周五下午3:30结束营业，准时清场，请宝子们一早来噢3.23号正常营业10:00-18:003.24号周日下午3:30开始营业，延迟到19:00关门。3.25周一店休
只有户外的位置，室内可以进	2024/3/23		https://www.xiaohongshu.com/explore/65fc3f300000000013027ae4	Noegarden奈野花园	广东	3.22号周五下午3:30结束营业，准时清场，请宝子们一早来噢3.23号正常营业10:00-18:003.24号周日下午3:30开始营业，延迟到19:00关门。3.25周一店休
现在可以带啦	2024/3/24		https://www.xiaohongshu.com/explore/65fc3f300000000013027ae4	Noegarden奈野花园	广东	3.22号周五下午3:30结束营业，准时清场，请宝子们一早来噢3.23号正常营业10:00-18:003.24号周日下午3:30开始营业，延迟到19:00关门。3.25周一店休
#NAME?	2024/3/24		https://www.xiaohongshu.com/explore/65fc3f300000000013027ae4	Noegarden奈野花园	广东	3.22号周五下午3:30结束营业，准时清场，请宝子们一早来噢3.23号正常营业10:00-18:003.24号周日下午3:30开始营业，延迟到19:00关门。3.25周一店休
左边那只位置不对，再画了一次[捂脸R]	2024/3/22	在东莞・婚礼现场绘画 | ??新郎&??新娘	https://www.xiaohongshu.com/explore/65fbfa170000000012021383	婚礼画师??cc	广东	今天又是一对从校园到现在的恋爱新人和他们的婚礼布置一样，都很可爱[吧唧R]他们说“晚宴是给家人的，婚礼??应该是给我们自己的”，所以当然怎么开心怎么来！穿上圆滚滚的充气服，也被我用简笔画的形式记录下来了（无奖寻找成品[偷笑R]）第一次去东莞[大笑R]体验挺新奇的我对天气的温度似乎掌握得不太好，出门衬衫??加针织裙一到现场实在是太热了[捂脸R]美团赶紧下单了一条裤子和手机支架（手机支架也落在顺风车上了从酒店厕所换好出来就有个女老板形象的大姐姐严肃地问我什么什么餐厅在哪[汗颜R]我只能说我不是工作人员，因为我的形象真的太像工作人员了赶紧把袖子挽起来，衬衫前面打个结[笑哭R]看起来休闲一点对了，这个酒店有好多放养的孔雀??[哇R]除了在彝酃斫校飞上屋顶的样子还是很帅的（就在头顶上）拍到一只就在婚礼现场旁边的??好奇旁边的月子中心里面的????????觉得还好吗 哈哈最开始看东莞天气是28度+下雨???，虽然还没到下开水的程度[偷笑R]但这个配置就是妥妥的潮湿[石化R]上一次颜料干不了画得难受的现场还历历在目所以提前把底色给打好！画的那两天天也真的在回南了，还得用风扇吹一吹[偷笑R]有时候画画就喜欢慢慢来，所以这次底色铺得很放松慢慢地刷啊，摆啊，点啊，戳啊，勾线，过程非常治愈??朱迪和??尼克为了画得更准更精致，也提前带上了[暗中观察R]#婚礼现场绘画#婚礼绘画 #婚礼画师#广东婚礼#东莞婚礼#佛山婚礼#广州婚礼#中山婚礼#清远婚礼 #珠海婚礼 #顺德婚礼 #南海婚礼 #禅城婚礼 #高明婚礼#广州婚礼现场绘画#佛山婚礼现场绘画 #东莞婚礼现场绘画#深圳婚礼现场绘画 #江门婚礼现场绘画#中山婚礼现场绘画#厦门婚礼现场绘画#泉州婚礼现场绘画#福建婚礼现场绘画#草坪婚礼 #户外婚礼#备婚#结婚礼物送新人 #婚礼现场#疯狂动物城婚礼#多巴胺婚礼 #令人心动的爱情瞬间#自由职业者的苦和乐 #绘画日常 #小众婚礼 #婚礼的那些套路
[偷笑R]	2024/3/21	在东莞・婚礼现场绘画 | ??新郎&??新娘	https://www.xiaohongshu.com/explore/65fbfa170000000012021383	婚礼画师??cc	广东	今天又是一对从校园到现在的恋爱新人和他们的婚礼布置一样，都很可爱[吧唧R]他们说“晚宴是给家人的，婚礼??应该是给我们自己的”，所以当然怎么开心怎么来！穿上圆滚滚的充气服，也被我用简笔画的形式记录下来了（无奖寻找成品[偷笑R]）第一次去东莞[大笑R]体验挺新奇的我对天气的温度似乎掌握得不太好，出门衬衫??加针织裙一到现场实在是太热了[捂脸R]美团赶紧下单了一条裤子和手机支架（手机支架也落在顺风车上了从酒店厕所换好出来就有个女老板形象的大姐姐严肃地问我什么什么餐厅在哪[汗颜R]我只能说我不是工作人员，因为我的形象真的太像工作人员了赶紧把袖子挽起来，衬衫前面打个结[笑哭R]看起来休闲一点对了，这个酒店有好多放养的孔雀??[哇R]除了在彝酃斫校飞上屋顶的样子还是很帅的（就在头顶上）拍到一只就在婚礼现场旁边的??好奇旁边的月子中心里面的????????觉得还好吗 哈哈最开始看东莞天气是28度+下雨???，虽然还没到下开水的程度[偷笑R]但这个配置就是妥妥的潮湿[石化R]上一次颜料干不了画得难受的现场还历历在目所以提前把底色给打好！画的那两天天也真的在回南了，还得用风扇吹一吹[偷笑R]有时候画画就喜欢慢慢来，所以这次底色铺得很放松慢慢地刷啊，摆啊，点啊，戳啊，勾线，过程非常治愈??朱迪和??尼克为了画得更准更精致，也提前带上了[暗中观察R]#婚礼现场绘画#婚礼绘画 #婚礼画师#广东婚礼#东莞婚礼#佛山婚礼#广州婚礼#中山婚礼#清远婚礼 #珠海婚礼 #顺德婚礼 #南海婚礼 #禅城婚礼 #高明婚礼#广州婚礼现场绘画#佛山婚礼现场绘画 #东莞婚礼现场绘画#深圳婚礼现场绘画 #江门婚礼现场绘画#中山婚礼现场绘画#厦门婚礼现场绘画#泉州婚礼现场绘画#福建婚礼现场绘画#草坪婚礼 #户外婚礼#备婚#结婚礼物送新人 #婚礼现场#疯狂动物城婚礼#多巴胺婚礼 #令人心动的爱情瞬间#自由职业者的苦和乐 #绘画日常 #小众婚礼 #婚礼的那些套路
哈哈哈懂吹风的	2024/3/21	真的不在南法！广州莫奈花园惊现春日粉龙??	https://www.xiaohongshu.com/explore/65fbf931000000001203e1eb	jiayu-L??	广东	.谁能受得了春日的鲜花??发现了一个很美莫奈花园！犹如置身于南法庄园独家??这是个艺术农场 独栋小黄楼每个角落都很好拍??像油画为了一扇窗来了一个店??～.一楼是个咖啡店 窗边的花敲美二楼的有个粉色龙的展 有被惊艳外面的大草坪很惬意 还有千秋???.庄园附近有个亲子徒步路线～??长岭国家登山健身步行道带小孩爬完山可以下来吃个下午茶.??现在农场还没完全完善是预约制入场 可以上某团康康??.??满山丘艺术农场
[喝奶茶R]	2024/3/21	真的不在南法！广州莫奈花园惊现春日粉龙??	https://www.xiaohongshu.com/explore/65fbf931000000001203e1eb	jiayu-L??	广东	.谁能受得了春日的鲜花??发现了一个很美莫奈花园！犹如置身于南法庄园独家??这是个艺术农场 独栋小黄楼每个角落都很好拍??像油画为了一扇窗来了一个店??～.一楼是个咖啡店 窗边的花敲美二楼的有个粉色龙的展 有被惊艳外面的大草坪很惬意 还有千秋???.庄园附近有个亲子徒步路线～??长岭国家登山健身步行道带小孩爬完山可以下来吃个下午茶.??现在农场还没完全完善是预约制入场 可以上某团康康??.??满山丘艺术农场
哈哈哈最近的风很大	2024/3/21	真的不在南法！广州莫奈花园惊现春日粉龙??	https://www.xiaohongshu.com/explore/65fbf931000000001203e1eb	jiayu-L??	广东	.谁能受得了春日的鲜花??发现了一个很美莫奈花园！犹如置身于南法庄园独家??这是个艺术农场 独栋小黄楼每个角落都很好拍??像油画为了一扇窗来了一个店??～.一楼是个咖啡店 窗边的花敲美二楼的有个粉色龙的展 有被惊艳外面的大草坪很惬意 还有千秋???.庄园附近有个亲子徒步路线～??长岭国家登山健身步行道带小孩爬完山可以下来吃个下午茶.??现在农场还没完全完善是预约制入场 可以上某团康康??.??满山丘艺术农场
周末会多人点，但是是预约制	2024/3/21	真的不在南法！广州莫奈花园惊现春日粉龙??	https://www.xiaohongshu.com/explore/65fbf931000000001203e1eb	jiayu-L??	广东	.谁能受得了春日的鲜花??发现了一个很美莫奈花园！犹如置身于南法庄园独家??这是个艺术农场 独栋小黄楼每个角落都很好拍??像油画为了一扇窗来了一个店??～.一楼是个咖啡店 窗边的花敲美二楼的有个粉色龙的展 有被惊艳外面的大草坪很惬意 还有千秋???.庄园附近有个亲子徒步路线～??长岭国家登山健身步行道带小孩爬完山可以下来吃个下午茶.??现在农场还没完全完善是预约制入场 可以上某团康康??.??满山丘艺术农场
公主你很会说	2024/3/21	真的不在南法！广州莫奈花园惊现春日粉龙??	https://www.xiaohongshu.com/explore/65fbf931000000001203e1eb	jiayu-L??	广东	.谁能受得了春日的鲜花??发现了一个很美莫奈花园！犹如置身于南法庄园独家??这是个艺术农场 独栋小黄楼每个角落都很好拍??像油画为了一扇窗来了一个店??～.一楼是个咖啡店 窗边的花敲美二楼的有个粉色龙的展 有被惊艳外面的大草坪很惬意 还有千秋???.庄园附近有个亲子徒步路线～??长岭国家登山健身步行道带小孩爬完山可以下来吃个下午茶.??现在农场还没完全完善是预约制入场 可以上某团康康??.??满山丘艺术农场
[喝奶茶R]	2024/3/21	真的不在南法！广州莫奈花园惊现春日粉龙??	https://www.xiaohongshu.com/explore/65fbf931000000001203e1eb	jiayu-L??	广东	.谁能受得了春日的鲜花??发现了一个很美莫奈花园！犹如置身于南法庄园独家??这是个艺术农场 独栋小黄楼每个角落都很好拍??像油画为了一扇窗来了一个店??～.一楼是个咖啡店 窗边的花敲美二楼的有个粉色龙的展 有被惊艳外面的大草坪很惬意 还有千秋???.庄园附近有个亲子徒步路线～??长岭国家登山健身步行道带小孩爬完山可以下来吃个下午茶.??现在农场还没完全完善是预约制入场 可以上某团康康??.??满山丘艺术农场
好拍	2024/3/21	真的不在南法！广州莫奈花园惊现春日粉龙??	https://www.xiaohongshu.com/explore/65fbf931000000001203e1eb	jiayu-L??	广东	.谁能受得了春日的鲜花??发现了一个很美莫奈花园！犹如置身于南法庄园独家??这是个艺术农场 独栋小黄楼每个角落都很好拍??像油画为了一扇窗来了一个店??～.一楼是个咖啡店 窗边的花敲美二楼的有个粉色龙的展 有被惊艳外面的大草坪很惬意 还有千秋???.庄园附近有个亲子徒步路线～??长岭国家登山健身步行道带小孩爬完山可以下来吃个下午茶.??现在农场还没完全完善是预约制入场 可以上某团康康??.??满山丘艺术农场
是个农场	2024/3/21	真的不在南法！广州莫奈花园惊现春日粉龙??	https://www.xiaohongshu.com/explore/65fbf931000000001203e1eb	jiayu-L??	广东	.谁能受得了春日的鲜花??发现了一个很美莫奈花园！犹如置身于南法庄园独家??这是个艺术农场 独栋小黄楼每个角落都很好拍??像油画为了一扇窗来了一个店??～.一楼是个咖啡店 窗边的花敲美二楼的有个粉色龙的展 有被惊艳外面的大草坪很惬意 还有千秋???.庄园附近有个亲子徒步路线～??长岭国家登山健身步行道带小孩爬完山可以下来吃个下午茶.??现在农场还没完全完善是预约制入场 可以上某团康康??.??满山丘艺术农场
[害羞R][害羞R][害羞R][害羞R]	2024/3/21	珠帘绣幕蔼祥烟 合嘉盟缔百年 | 正好影像	https://www.xiaohongshu.com/explore/65fc24ad000000000d00e99c	正好影像社禁言中私信不回	广东	正好影像社婚礼客片分享    #  #
私您	2024/3/22	广州增城春天户外婚礼太生机盎然了	https://www.xiaohongshu.com/explore/65fbfd30000000001203fb3e	SurpriseVision思派视觉	广东	春天的婚礼 百看不厌-
[色色R][色色R][色色R]心动你就来	2024/3/21		https://www.xiaohongshu.com/explore/65fbdb1000000000120341df	可儿要离城	广东	[吧唧R][吧唧R][吧唧R][吧唧R]离城半日达人招募啦限时招募|离城半日鸟巢帐篷篝火晚会派对[色色R][色色R][色色R]亲爱的户外活动爱好者和生活艺术家们如果你热爱户外活动放松，钟爱摄影艺术等等，那么这是一个难得的机会！离城半日四海湖畔艺术营地，官方正在招募户外活动爱好者和体验官欢迎你加入成为我们的露营体验官！体验时间：周末①活动流程14:30抵达离城半日。14：30-15：45森林自然音乐会开启，导览营地9大打卡点part1：围炉煮茶配9宫格茶点，坐在湖边享用围炉钵钵烤奶part2:营区9大打卡点随意打卡拍照17:00-18:00森林营地“与财神闹闹磕”体验，还有氛围超足的下午茶享用，围炉煮茶体验18:00-21:20营地萤火虫灯会烤肉派对21:20：华南区首家鸟巢帐篷过夜体验第二天：早上9点，在森林里醒来，伴随虫鸣鸟叫声，体验森系丰富营养早餐，红薯??，玉米??，营养粥??，牛奶??，面包??，开启活力满满的一天10:00：活动结束回城#广州美食探店 #户外露营 #森林露营天花板 #广州探店达人招募 #艺术 #搞的就是艺术 #摄影 #广州派对 #广州亲子活动 #森林露营天花板 #广州派对婚礼 #广州团建活动 #广州露营团建 #深圳探店打卡 #深圳露营地推荐 #深圳气球派对 #招募深圳探店达人 #深圳拍照打卡圣地
来啦[派对R]	2024/3/22		https://www.xiaohongshu.com/explore/65fbdb1000000000120341df	可儿要离城	广东	[吧唧R][吧唧R][吧唧R][吧唧R]离城半日达人招募啦限时招募|离城半日鸟巢帐篷篝火晚会派对[色色R][色色R][色色R]亲爱的户外活动爱好者和生活艺术家们如果你热爱户外活动放松，钟爱摄影艺术等等，那么这是一个难得的机会！离城半日四海湖畔艺术营地，官方正在招募户外活动爱好者和体验官欢迎你加入成为我们的露营体验官！体验时间：周末①活动流程14:30抵达离城半日。14：30-15：45森林自然音乐会开启，导览营地9大打卡点part1：围炉煮茶配9宫格茶点，坐在湖边享用围炉钵钵烤奶part2:营区9大打卡点随意打卡拍照17:00-18:00森林营地“与财神闹闹磕”体验，还有氛围超足的下午茶享用，围炉煮茶体验18:00-21:20营地萤火虫灯会烤肉派对21:20：华南区首家鸟巢帐篷过夜体验第二天：早上9点，在森林里醒来，伴随虫鸣鸟叫声，体验森系丰富营养早餐，红薯??，玉米??，营养粥??，牛奶??，面包??，开启活力满满的一天10:00：活动结束回城#广州美食探店 #户外露营 #森林露营天花板 #广州探店达人招募 #艺术 #搞的就是艺术 #摄影 #广州派对 #广州亲子活动 #森林露营天花板 #广州派对婚礼 #广州团建活动 #广州露营团建 #深圳探店打卡 #深圳露营地推荐 #深圳气球派对 #招募深圳探店达人 #深圳拍照打卡圣地
谢谢哈哈哈哈	2024/3/21	摄影师总结｜户外婚礼要怎么筹备才能出片？	https://www.xiaohongshu.com/explore/65fbd9dd00000000120374a9	摄影师 星星的星	广东	??很多姐妹想办户外婚礼，但总是担心效果不好，也不知道怎样挑选服装才能更出片，星星帮大家总结了2点，看完就知道怎么筹备啦！??户外婚礼出片好看&高级的2个重点：1.婚礼场地环境好/草坪质量好，背景统一不穿帮。2.婚纱款式简约轻便，宾客们dress code同一色系。展开说说：??草坪环境好这个很好理解，草地平整，不要坑坑洼洼的，不然穿高跟鞋走路会很难走，比较优质的户外婚礼场地草坪都是有专人打理维护的，还有就是背景不要建筑物穿帮会更加分哦。??婚纱选择轻婚纱蕞佳，避免户外婚礼选择blingbling的主纱，不然裙摆太长&太重会非常损耗体力，而且在草坪拍出来也不好看，选择缎面或者比较细腻的面料，款式选择简约款或者是比较有设计感的款式很nice，无拖尾或者是小拖尾都非常适合。??婚礼邀请上提醒宾客们dress code，可以提前想好婚礼布置会出现的颜色，让大家配合一下服装色系，这样拍照呈现的效果也会棒！随手一拍都是色调和谐的画面。-蕞后，选择摄影师也非常非常的重要，风格合拍、输出稳定都需要重点看哦，千万不能只看价格～?我是摄影师星星，经常会分享一些从摄影师角度出发的总结小经验～欢迎常来看哦～??:@摄影师 星星的星#广州婚礼跟拍 #广州户外婚礼 #佛山婚礼跟拍 #佛山户外婚礼 #深圳婚礼跟拍 #深圳户外婚礼 #婚礼攻略 #户外婚礼
谢谢包子[飞吻R]	2024/3/22	摄影师总结｜户外婚礼要怎么筹备才能出片？	https://www.xiaohongshu.com/explore/65fbd9dd00000000120374a9	摄影师 星星的星	广东	??很多姐妹想办户外婚礼，但总是担心效果不好，也不知道怎样挑选服装才能更出片，星星帮大家总结了2点，看完就知道怎么筹备啦！??户外婚礼出片好看&高级的2个重点：1.婚礼场地环境好/草坪质量好，背景统一不穿帮。2.婚纱款式简约轻便，宾客们dress code同一色系。展开说说：??草坪环境好这个很好理解，草地平整，不要坑坑洼洼的，不然穿高跟鞋走路会很难走，比较优质的户外婚礼场地草坪都是有专人打理维护的，还有就是背景不要建筑物穿帮会更加分哦。??婚纱选择轻婚纱蕞佳，避免户外婚礼选择blingbling的主纱，不然裙摆太长&太重会非常损耗体力，而且在草坪拍出来也不好看，选择缎面或者比较细腻的面料，款式选择简约款或者是比较有设计感的款式很nice，无拖尾或者是小拖尾都非常适合。??婚礼邀请上提醒宾客们dress code，可以提前想好婚礼布置会出现的颜色，让大家配合一下服装色系，这样拍照呈现的效果也会棒！随手一拍都是色调和谐的画面。-蕞后，选择摄影师也非常非常的重要，风格合拍、输出稳定都需要重点看哦，千万不能只看价格～?我是摄影师星星，经常会分享一些从摄影师角度出发的总结小经验～欢迎常来看哦～??:@摄影师 星星的星#广州婚礼跟拍 #广州户外婚礼 #佛山婚礼跟拍 #佛山户外婚礼 #深圳婚礼跟拍 #深圳户外婚礼 #婚礼攻略 #户外婚礼
[偷笑R]	2024/3/23	广州｜白金色系草坪婚礼??简直太浪漫啦～	https://www.xiaohongshu.com/explore/65fad97b0000000013025143	在路上的鱼	广东	在闹中取静的广州香格里拉参加了一场拥有2000O+的自由形态户外草坪婚礼在喷泉??、鲜花??、绿植包围的场景中有种在国外度假的错觉感受到了婚礼带来的美好与浪漫??我想?这大概也是我梦中的婚礼了吧-室内挑高的楼层和巨型的水晶灯铺设的宝蓝色地毯老钱风铺面而来～真的太大气啦！！-
[飞吻R]	2024/3/21	广州｜白金色系草坪婚礼??简直太浪漫啦～	https://www.xiaohongshu.com/explore/65fad97b0000000013025143	在路上的鱼	广东	在闹中取静的广州香格里拉参加了一场拥有2000O+的自由形态户外草坪婚礼在喷泉??、鲜花??、绿植包围的场景中有种在国外度假的错觉感受到了婚礼带来的美好与浪漫??我想?这大概也是我梦中的婚礼了吧-室内挑高的楼层和巨型的水晶灯铺设的宝蓝色地毯老钱风铺面而来～真的太大气啦！！-
可以的 我们工作室就在白云这边。	2024/3/21	广州|汕尾 高级简约小预算留影区布置	https://www.xiaohongshu.com/explore/65fabe69000000001203591d	爆爆堂派对婚礼策划	广东	布置地区：广州|汕尾|佛山|惠州|深圳|东莞专业布置！效果第一！性价比高！适用布置于：酒店布置丶祠堂布置丶户外布置
蟹蟹[派对R]	2024/3/20	一个女主持自然舒适的户外开场。	https://www.xiaohongshu.com/explore/65fa9ff0000000001203e13f	主持人丽芬	广东	主打就是轻松又自在，没有压力感。-
嘻嘻	2024/3/21	一个女主持自然舒适的户外开场。	https://www.xiaohongshu.com/explore/65fa9ff0000000001203e13f	主持人丽芬	广东	主打就是轻松又自在，没有压力感。-
[哇R][哇R]	2024/3/20	一个女主持自然舒适的户外开场。	https://www.xiaohongshu.com/explore/65fa9ff0000000001203e13f	主持人丽芬	广东	主打就是轻松又自在，没有压力感。-
快来快来[飞吻R]	2024/3/20	户外婚礼自助餐‖广州餐饮外宴上门	https://www.xiaohongshu.com/explore/65fa814f0000000014005396	A墨丰外宴餐饮	广东	家庭商务聚会完美选择|上门自助餐???我们为顾客提供个性化、定制化的餐饮体验。安排专业的厨师团队根据您的需求和口味，为您准备各种美食。餐饮外宴到烩服务是一种便捷、个性化餐饮服务方式外宴上门制作自助餐，让您的味蕾环游世界!??您是否想要在自己的家中或办公室举办一场别具一格的聚会，但又不想为准备食物而烦恼？那么外宴上门制作自助餐服务就是您的最佳选择！??我们的外汇厨师团队拥有丰富的经验和专业的技能，能够为您提供各种口味的美食。无论您喜欢中式??、西式??、日式??还是其他国家的菜肴??????，我们都能够满足您的需求。我们提供的自助餐服务包括：个性化菜单定制：根据您的口味和喜好，我们为您量身定制菜单。专业厨师团队：我们的厨师团队???????都是经验丰富的专业人士，能够确保食物的品质和口感。优质食材：我们只使用新鲜??、优质的食材??，让您放心享用美食。上门服务：我们会在您指定的时间和地点上门为您制作自助餐，让您省去了繁琐的准备工作。外汇上门制作自助餐，让您轻松享受美食盛宴！??
必须有！[害羞R][害羞R]场地美美哒～	2024/3/23	深圳草坪游园会婚礼??春日调色盘下的自然浪	https://www.xiaohongshu.com/explore/65fd647600000000140040f6	TheOne掌上婚礼	广东	浪漫有迹可循借着温暖的阳光一同掉进春天的染缸里??-草坪湖畔是户外婚礼最好的仪式区舞台利用原木 红色布幔 吊灯 花艺打造别样的小众艺术感复古美学花艺点缀在每一个角落为了自然诗意的告白 婚礼透着生长的气息??-趣味浪漫的游园会模式也为婚礼增添色彩层次新人在童年的回忆下交换誓言每一处布置都是关于爱的关卡也为婚礼赋予了别样的活力和纯粹??-清新的白绿质朴的原木独居大自然治愈和清新的氛围是整个春天最喜欢的浪漫～??-【婚礼色系】：清新绿｜原木色【婚礼场地】：多肉花园【婚礼设计】：?? @TheOne掌上婚礼/深圳婚礼｜深圳婚礼策划l深圳婚庆l婚礼布置｜真实婚礼｜高级感婚礼｜婚礼细节l草坪婚礼#深圳婚礼策划 #深圳婚礼#深圳婚庆 #婚礼布置 #婚礼场布 #婚礼现场 #婚礼灵感 #室内婚礼 #婚礼收藏 #极简婚礼 #泰式婚礼 #龙岗婚礼 #小预算婚礼布置 #高级婚礼 #婚礼布置 #小众婚礼 #结婚 #高级感婚礼 #户外婚礼#草坪婚礼#游园会婚礼
爱了	2024/3/23	深圳草坪婚礼???♀???｜那天，他在哭，我在笑	https://www.xiaohongshu.com/explore/65fe3ed2000000001203ef40	Aurora壹壹	广东	3.21 圆满礼成???♀?结婚前一晚根本没睡 一直在担心会出差错幸好 是圆满的成为了那天的韩剧女主角每个人带着满满的祝福向我奔赴一切都是恰如其分主持、化妆、摄影、婚策时间、天气、连光线都很微妙我入场的时候 阳光正好照射在我的蕾丝拖尾长裙上 我先生抱着花 带着他满满的心意 向我飞快跑来看到台下的人已经都红了眼眶奔赴 相爱 祝福 就是结婚的意义吧#婚礼攻略 #户外婚礼 #婚礼晚宴 #浪漫生活的记录者 #深圳草坪婚礼 #深圳草坪婚礼场地 #新娘入场 #嫁给爱情 #婚礼跟拍 #深圳婚策 @绘梦人婚礼 有情怀的策划 @深圳丨绘梦人婚礼定制 @深圳市登喜路国际大酒店 #深圳拍照
谢谢妹妹[大笑R]	2024/3/24	深圳草坪婚礼???♀???｜那天，他在哭，我在笑	https://www.xiaohongshu.com/explore/65fe3ed2000000001203ef40	Aurora壹壹	广东	3.21 圆满礼成???♀?结婚前一晚根本没睡 一直在担心会出差错幸好 是圆满的成为了那天的韩剧女主角每个人带着满满的祝福向我奔赴一切都是恰如其分主持、化妆、摄影、婚策时间、天气、连光线都很微妙我入场的时候 阳光正好照射在我的蕾丝拖尾长裙上 我先生抱着花 带着他满满的心意 向我飞快跑来看到台下的人已经都红了眼眶奔赴 相爱 祝福 就是结婚的意义吧#婚礼攻略 #户外婚礼 #婚礼晚宴 #浪漫生活的记录者 #深圳草坪婚礼 #深圳草坪婚礼场地 #新娘入场 #嫁给爱情 #婚礼跟拍 #深圳婚策 @绘梦人婚礼 有情怀的策划 @深圳丨绘梦人婚礼定制 @深圳市登喜路国际大酒店 #深圳拍照
谢谢[飞吻R]	2024/3/23	深圳草坪婚礼???♀???｜那天，他在哭，我在笑	https://www.xiaohongshu.com/explore/65fe3ed2000000001203ef40	Aurora壹壹	广东	3.21 圆满礼成???♀?结婚前一晚根本没睡 一直在担心会出差错幸好 是圆满的成为了那天的韩剧女主角每个人带着满满的祝福向我奔赴一切都是恰如其分主持、化妆、摄影、婚策时间、天气、连光线都很微妙我入场的时候 阳光正好照射在我的蕾丝拖尾长裙上 我先生抱着花 带着他满满的心意 向我飞快跑来看到台下的人已经都红了眼眶奔赴 相爱 祝福 就是结婚的意义吧#婚礼攻略 #户外婚礼 #婚礼晚宴 #浪漫生活的记录者 #深圳草坪婚礼 #深圳草坪婚礼场地 #新娘入场 #嫁给爱情 #婚礼跟拍 #深圳婚策 @绘梦人婚礼 有情怀的策划 @深圳丨绘梦人婚礼定制 @深圳市登喜路国际大酒店 #深圳拍照
喜欢[哇R]	2024/3/23	深圳草坪婚礼???♀???｜那天，他在哭，我在笑	https://www.xiaohongshu.com/explore/65fe3ed2000000001203ef40	Aurora壹壹	广东	3.21 圆满礼成???♀?结婚前一晚根本没睡 一直在担心会出差错幸好 是圆满的成为了那天的韩剧女主角每个人带着满满的祝福向我奔赴一切都是恰如其分主持、化妆、摄影、婚策时间、天气、连光线都很微妙我入场的时候 阳光正好照射在我的蕾丝拖尾长裙上 我先生抱着花 带着他满满的心意 向我飞快跑来看到台下的人已经都红了眼眶奔赴 相爱 祝福 就是结婚的意义吧#婚礼攻略 #户外婚礼 #婚礼晚宴 #浪漫生活的记录者 #深圳草坪婚礼 #深圳草坪婚礼场地 #新娘入场 #嫁给爱情 #婚礼跟拍 #深圳婚策 @绘梦人婚礼 有情怀的策划 @深圳丨绘梦人婚礼定制 @深圳市登喜路国际大酒店 #深圳拍照
[哇R]我也觉得	2024/3/23	深圳草坪婚礼???♀???｜那天，他在哭，我在笑	https://www.xiaohongshu.com/explore/65fe3ed2000000001203ef40	Aurora壹壹	广东	3.21 圆满礼成???♀?结婚前一晚根本没睡 一直在担心会出差错幸好 是圆满的成为了那天的韩剧女主角每个人带着满满的祝福向我奔赴一切都是恰如其分主持、化妆、摄影、婚策时间、天气、连光线都很微妙我入场的时候 阳光正好照射在我的蕾丝拖尾长裙上 我先生抱着花 带着他满满的心意 向我飞快跑来看到台下的人已经都红了眼眶奔赴 相爱 祝福 就是结婚的意义吧#婚礼攻略 #户外婚礼 #婚礼晚宴 #浪漫生活的记录者 #深圳草坪婚礼 #深圳草坪婚礼场地 #新娘入场 #嫁给爱情 #婚礼跟拍 #深圳婚策 @绘梦人婚礼 有情怀的策划 @深圳丨绘梦人婚礼定制 @深圳市登喜路国际大酒店 #深圳拍照
深圳登喜路国际大酒店	2024/3/25	深圳草坪婚礼???♀???｜那天，他在哭，我在笑	https://www.xiaohongshu.com/explore/65fe3ed2000000001203ef40	Aurora壹壹	广东	3.21 圆满礼成???♀?结婚前一晚根本没睡 一直在担心会出差错幸好 是圆满的成为了那天的韩剧女主角每个人带着满满的祝福向我奔赴一切都是恰如其分主持、化妆、摄影、婚策时间、天气、连光线都很微妙我入场的时候 阳光正好照射在我的蕾丝拖尾长裙上 我先生抱着花 带着他满满的心意 向我飞快跑来看到台下的人已经都红了眼眶奔赴 相爱 祝福 就是结婚的意义吧#婚礼攻略 #户外婚礼 #婚礼晚宴 #浪漫生活的记录者 #深圳草坪婚礼 #深圳草坪婚礼场地 #新娘入场 #嫁给爱情 #婚礼跟拍 #深圳婚策 @绘梦人婚礼 有情怀的策划 @深圳丨绘梦人婚礼定制 @深圳市登喜路国际大酒店 #深圳拍照
[偷笑R][偷笑R]	2024/3/24	深圳草坪婚礼???♀???｜那天，他在哭，我在笑	https://www.xiaohongshu.com/explore/65fe3ed2000000001203ef40	Aurora壹壹	广东	3.21 圆满礼成???♀?结婚前一晚根本没睡 一直在担心会出差错幸好 是圆满的成为了那天的韩剧女主角每个人带着满满的祝福向我奔赴一切都是恰如其分主持、化妆、摄影、婚策时间、天气、连光线都很微妙我入场的时候 阳光正好照射在我的蕾丝拖尾长裙上 我先生抱着花 带着他满满的心意 向我飞快跑来看到台下的人已经都红了眼眶奔赴 相爱 祝福 就是结婚的意义吧#婚礼攻略 #户外婚礼 #婚礼晚宴 #浪漫生活的记录者 #深圳草坪婚礼 #深圳草坪婚礼场地 #新娘入场 #嫁给爱情 #婚礼跟拍 #深圳婚策 @绘梦人婚礼 有情怀的策划 @深圳丨绘梦人婚礼定制 @深圳市登喜路国际大酒店 #深圳拍照
谢谢[飞吻R]	2024/3/24	深圳草坪婚礼???♀???｜那天，他在哭，我在笑	https://www.xiaohongshu.com/explore/65fe3ed2000000001203ef40	Aurora壹壹	广东	3.21 圆满礼成???♀?结婚前一晚根本没睡 一直在担心会出差错幸好 是圆满的成为了那天的韩剧女主角每个人带着满满的祝福向我奔赴一切都是恰如其分主持、化妆、摄影、婚策时间、天气、连光线都很微妙我入场的时候 阳光正好照射在我的蕾丝拖尾长裙上 我先生抱着花 带着他满满的心意 向我飞快跑来看到台下的人已经都红了眼眶奔赴 相爱 祝福 就是结婚的意义吧#婚礼攻略 #户外婚礼 #婚礼晚宴 #浪漫生活的记录者 #深圳草坪婚礼 #深圳草坪婚礼场地 #新娘入场 #嫁给爱情 #婚礼跟拍 #深圳婚策 @绘梦人婚礼 有情怀的策划 @深圳丨绘梦人婚礼定制 @深圳市登喜路国际大酒店 #深圳拍照
谢谢姐妹	2024/3/23	深圳草坪婚礼???♀???｜那天，他在哭，我在笑	https://www.xiaohongshu.com/explore/65fe3ed2000000001203ef40	Aurora壹壹	广东	3.21 圆满礼成???♀?结婚前一晚根本没睡 一直在担心会出差错幸好 是圆满的成为了那天的韩剧女主角每个人带着满满的祝福向我奔赴一切都是恰如其分主持、化妆、摄影、婚策时间、天气、连光线都很微妙我入场的时候 阳光正好照射在我的蕾丝拖尾长裙上 我先生抱着花 带着他满满的心意 向我飞快跑来看到台下的人已经都红了眼眶奔赴 相爱 祝福 就是结婚的意义吧#婚礼攻略 #户外婚礼 #婚礼晚宴 #浪漫生活的记录者 #深圳草坪婚礼 #深圳草坪婚礼场地 #新娘入场 #嫁给爱情 #婚礼跟拍 #深圳婚策 @绘梦人婚礼 有情怀的策划 @深圳丨绘梦人婚礼定制 @深圳市登喜路国际大酒店 #深圳拍照
私信	2024/3/23	定格下这场绿意盎然，8888套餐遥遥领先！	https://www.xiaohongshu.com/explore/65fd96fe000000000d00f8ee	安鑫婚庆	广东	8888全场一站式婚礼布置包含四大金刚摄影录像化妆，限定活动加9.9元送即影即有照片现场打印无限制打印，服务范围广东省内！#小清新婚礼 #森系婚礼 #主题婚礼 #一站式婚礼 #真实婚礼 #婚礼攻略 #婚礼 #真实婚礼 #小清新婚礼 #婚礼现场 #户外婚礼 #婚礼纪实 #广州婚礼 #深圳婚礼 #中山婚礼 #东莞婚礼 #佛山婚礼
[哇R][哇R]	2024/3/25	备婚日记｜深圳婚礼场地	https://www.xiaohongshu.com/explore/65fd862f000000001203635d	快乐嘟小伟	广东	喜欢新中式婚礼的姐妹真的不要错过隐秀山居[哇R][哇R]??徽派古宅建筑随便拍都能出片天气好 下午有光影更绝??湖畔草坪入口是一条小路 走进草坪望出去是湖畔很静谧 世外桃源的感觉草坪是长方形 一面是湖 背后是交错的树??室内宴会厅建筑总体中式 棕色木质调 红色的中国结点缀小厅可以选三号会议室 黑色简约很好布置中厅可以选荣厅 外面有一个荷叶的立体背景墙不用怎么布置都很出片 这个厅很独立 不容易串场大厅可以选隐秀厅 还有吊灯??酒店客房酒店内饰也是很古典挂烫机、被套、茶碗、跪垫、喜字酒店都贴好了超级省事贴心 服务很好??酒店服务我找销售是Lisa姐 人超级nice很好沟通 大大小小的问题 她都很耐心业务熟练 真的有在认真做婚庆酒店服务！！酒店配套服务很全 音响LED屏这些都是免费使用挂烫机 签到本等一些细节都考虑的很周到超级推荐神仙酒店@深圳隐秀山居酒店#深圳婚礼 #深圳备婚#备婚日记 #深圳婚礼场地#深圳草坪婚礼 #深圳户外婚礼
滴滴[偷笑R]	2024/3/24	令我着迷的9w?VERAWANG户外婚礼蕾丝婚纱！	https://www.xiaohongshu.com/explore/65fd3a7a00000000120363b3	VERA WANG深圳店	广东	??2025年婚期的新娘提前一年到店定制这件婚纱，??象牙色Macramé 蕾丝自由蔓延，结合浪漫缱绻的多层皱褶薄纱，宛若油画中的辉煌嫁衣，搭配一条轻柔飘逸的大拖尾头纱，温柔又不失高贵仪式感。非常适合户外婚礼，海岛婚礼的仙女们！这件也是#文咏珊 婚礼上选择的同款婚纱哟～??新娘还为自己定制了一件个性化的蕾丝长袖外搭，让自己的婚纱独一无二！#去春天里遛遛自己 #VeraWangHAUTE #王薇薇VeraWang婚纱 #verawang #婚纱 #我的婚纱 #最美婚纱 #我的婚纱好看吗 ##世界之大为何我们相遇 #我的走心婚礼 #婚礼布置 #我的婚礼造型 #婚礼策划 #婚礼摄影 #时尚新娘 #户外婚礼 #草坪婚礼 #备婚大作战 #穿着婚纱嫁给爱情 #最美婚纱店 #深圳婚纱礼服 #深圳备婚 #深圳婚礼 #格拉芙#宝格丽戒指#卡地亚戒指#尚美巴黎戒指#安达仕酒店#嘉佩乐酒店#宝格丽酒店#海岛婚礼#海瑞温斯顿HW #HW女孩 #HW瑰丽稀世珠宝 #晒晒我的钻戒 #我的结婚对戒 #格拉夫Graff #GRAFF #卡地亚Cartier #澳门备婚 #香港备婚 #广州备婚 #珠海备婚 #把生活拍出电影感
已丝	2024/3/22	令我着迷的9w?VERAWANG户外婚礼蕾丝婚纱！	https://www.xiaohongshu.com/explore/65fd3a7a00000000120363b3	VERA WANG深圳店	广东	??2025年婚期的新娘提前一年到店定制这件婚纱，??象牙色Macramé 蕾丝自由蔓延，结合浪漫缱绻的多层皱褶薄纱，宛若油画中的辉煌嫁衣，搭配一条轻柔飘逸的大拖尾头纱，温柔又不失高贵仪式感。非常适合户外婚礼，海岛婚礼的仙女们！这件也是#文咏珊 婚礼上选择的同款婚纱哟～??新娘还为自己定制了一件个性化的蕾丝长袖外搭，让自己的婚纱独一无二！#去春天里遛遛自己 #VeraWangHAUTE #王薇薇VeraWang婚纱 #verawang #婚纱 #我的婚纱 #最美婚纱 #我的婚纱好看吗 ##世界之大为何我们相遇 #我的走心婚礼 #婚礼布置 #我的婚礼造型 #婚礼策划 #婚礼摄影 #时尚新娘 #户外婚礼 #草坪婚礼 #备婚大作战 #穿着婚纱嫁给爱情 #最美婚纱店 #深圳婚纱礼服 #深圳备婚 #深圳婚礼 #格拉芙#宝格丽戒指#卡地亚戒指#尚美巴黎戒指#安达仕酒店#嘉佩乐酒店#宝格丽酒店#海岛婚礼#海瑞温斯顿HW #HW女孩 #HW瑰丽稀世珠宝 #晒晒我的钻戒 #我的结婚对戒 #格拉夫Graff #GRAFF #卡地亚Cartier #澳门备婚 #香港备婚 #广州备婚 #珠海备婚 #把生活拍出电影感
[斜眼R][斜眼R]安排	2024/3/22	文咏珊&吴启楠婚礼｜爆款??VERAWANG海岛婚纱	https://www.xiaohongshu.com/explore/65fd3a5c0000000013026d5b	VERA WANG深圳店	广东	最近在海岛婚礼人气超高的 VERA WANG HAUTE 婚纱 - Henrietta，也是#文咏珊 与丈夫#吴启楠 在《时尚新娘》杂志上身穿的同款婚纱??由 Macrame? 蕾丝点缀的紧身鱼骨胸衣浪漫而肆意，飘逸轻盈的分层拱形结构A字蓬裙，演绎路易十四时期的奢华质感。??梦想之纱更名VERA WANG Haute婚纱，沿袭精湛工艺赋予婚纱与众不同的轻盈律动感，让每一个婚纱梦想熠熠生辉??#VeraWangHAUTE #王薇薇VeraWang婚纱 #verawang #婚纱 #我的婚纱 #最美婚纱 #我的婚纱好看吗 ##世界之大为何我们相遇 #我的走心婚礼 #婚礼布置 #我的婚礼造型 #婚礼策划 #婚礼摄影 #时尚新娘 #户外婚礼 #草坪婚礼 #备婚大作战 #穿着婚纱嫁给爱情 #最美婚纱店 #深圳婚纱礼服 #深圳备婚 #深圳婚礼 #格拉芙#宝格丽戒指#卡地亚戒指#尚美巴黎戒指#安达仕酒店#文咏珊同款 #宝格丽酒店#海岛婚礼#海瑞温斯顿HW #HW女孩 #HW瑰丽稀世珠宝 #晒晒我的钻戒 #我的结婚对戒 #格拉夫Graff #GRAFF #卡地亚Cartier #澳门备婚 #香港备婚 #广州备婚 #珠海备婚 #把生活拍出电影感#去春天里遛遛自己
已思您	2024/3/24	文咏珊&吴启楠婚礼｜爆款??VERAWANG海岛婚纱	https://www.xiaohongshu.com/explore/65fd3a5c0000000013026d5b	VERA WANG深圳店	广东	最近在海岛婚礼人气超高的 VERA WANG HAUTE 婚纱 - Henrietta，也是#文咏珊 与丈夫#吴启楠 在《时尚新娘》杂志上身穿的同款婚纱??由 Macrame? 蕾丝点缀的紧身鱼骨胸衣浪漫而肆意，飘逸轻盈的分层拱形结构A字蓬裙，演绎路易十四时期的奢华质感。??梦想之纱更名VERA WANG Haute婚纱，沿袭精湛工艺赋予婚纱与众不同的轻盈律动感，让每一个婚纱梦想熠熠生辉??#VeraWangHAUTE #王薇薇VeraWang婚纱 #verawang #婚纱 #我的婚纱 #最美婚纱 #我的婚纱好看吗 ##世界之大为何我们相遇 #我的走心婚礼 #婚礼布置 #我的婚礼造型 #婚礼策划 #婚礼摄影 #时尚新娘 #户外婚礼 #草坪婚礼 #备婚大作战 #穿着婚纱嫁给爱情 #最美婚纱店 #深圳婚纱礼服 #深圳备婚 #深圳婚礼 #格拉芙#宝格丽戒指#卡地亚戒指#尚美巴黎戒指#安达仕酒店#文咏珊同款 #宝格丽酒店#海岛婚礼#海瑞温斯顿HW #HW女孩 #HW瑰丽稀世珠宝 #晒晒我的钻戒 #我的结婚对戒 #格拉夫Graff #GRAFF #卡地亚Cartier #澳门备婚 #香港备婚 #广州备婚 #珠海备婚 #把生活拍出电影感#去春天里遛遛自己
可爱！！！	2024/3/23	铲屎官夫妇说想要两只猫咪一起参加婚礼	https://www.xiaohongshu.com/explore/65fd3812000000001203e75e	婚礼策划师安安Anan	广东	可可爱爱的铲屎官夫妇的婚礼还有他们最爱的小猫咪也来啦～婚礼融入了猫咪的元素都开始变得可爱起来啦#森系婚礼 #猫猫主题婚礼 #深圳婚礼 #户外婚礼 #小众婚礼 #参加婚礼 #我的走心婚礼 #婚礼布置 #婚礼灵感
看了你主页的猫猫 做的很像啊！！	2024/3/24	铲屎官夫妇说想要两只猫咪一起参加婚礼	https://www.xiaohongshu.com/explore/65fd3812000000001203e75e	婚礼策划师安安Anan	广东	可可爱爱的铲屎官夫妇的婚礼还有他们最爱的小猫咪也来啦～婚礼融入了猫咪的元素都开始变得可爱起来啦#森系婚礼 #猫猫主题婚礼 #深圳婚礼 #户外婚礼 #小众婚礼 #参加婚礼 #我的走心婚礼 #婚礼布置 #婚礼灵感
哇塞 太可爱噜～～	2024/3/23	铲屎官夫妇说想要两只猫咪一起参加婚礼	https://www.xiaohongshu.com/explore/65fd3812000000001203e75e	婚礼策划师安安Anan	广东	可可爱爱的铲屎官夫妇的婚礼还有他们最爱的小猫咪也来啦～婚礼融入了猫咪的元素都开始变得可爱起来啦#森系婚礼 #猫猫主题婚礼 #深圳婚礼 #户外婚礼 #小众婚礼 #参加婚礼 #我的走心婚礼 #婚礼布置 #婚礼灵感
哈哈哈哈哈哈哈哈哈哈哈哈这头像有点过分了啊	2024/3/24	铲屎官夫妇说想要两只猫咪一起参加婚礼	https://www.xiaohongshu.com/explore/65fd3812000000001203e75e	婚礼策划师安安Anan	广东	可可爱爱的铲屎官夫妇的婚礼还有他们最爱的小猫咪也来啦～婚礼融入了猫咪的元素都开始变得可爱起来啦#森系婚礼 #猫猫主题婚礼 #深圳婚礼 #户外婚礼 #小众婚礼 #参加婚礼 #我的走心婚礼 #婚礼布置 #婚礼灵感
木子手工屋哈～	2024/3/25	铲屎官夫妇说想要两只猫咪一起参加婚礼	https://www.xiaohongshu.com/explore/65fd3812000000001203e75e	婚礼策划师安安Anan	广东	可可爱爱的铲屎官夫妇的婚礼还有他们最爱的小猫咪也来啦～婚礼融入了猫咪的元素都开始变得可爱起来啦#森系婚礼 #猫猫主题婚礼 #深圳婚礼 #户外婚礼 #小众婚礼 #参加婚礼 #我的走心婚礼 #婚礼布置 #婚礼灵感
哈哈哈哈看到你的主页了 很走心的婚礼猫猫们都超可爱！！	2024/3/24	铲屎官夫妇说想要两只猫咪一起参加婚礼	https://www.xiaohongshu.com/explore/65fd3812000000001203e75e	婚礼策划师安安Anan	广东	可可爱爱的铲屎官夫妇的婚礼还有他们最爱的小猫咪也来啦～婚礼融入了猫咪的元素都开始变得可爱起来啦#森系婚礼 #猫猫主题婚礼 #深圳婚礼 #户外婚礼 #小众婚礼 #参加婚礼 #我的走心婚礼 #婚礼布置 #婚礼灵感
哇！！钥匙扣也可以耶	2024/3/24	铲屎官夫妇说想要两只猫咪一起参加婚礼	https://www.xiaohongshu.com/explore/65fd3812000000001203e75e	婚礼策划师安安Anan	广东	可可爱爱的铲屎官夫妇的婚礼还有他们最爱的小猫咪也来啦～婚礼融入了猫咪的元素都开始变得可爱起来啦#森系婚礼 #猫猫主题婚礼 #深圳婚礼 #户外婚礼 #小众婚礼 #参加婚礼 #我的走心婚礼 #婚礼布置 #婚礼灵感
哈哈哈哈哈哈一定会的宝！！到时候做5只根本戴不完	2024/3/25	铲屎官夫妇说想要两只猫咪一起参加婚礼	https://www.xiaohongshu.com/explore/65fd3812000000001203e75e	婚礼策划师安安Anan	广东	可可爱爱的铲屎官夫妇的婚礼还有他们最爱的小猫咪也来啦～婚礼融入了猫咪的元素都开始变得可爱起来啦#森系婚礼 #猫猫主题婚礼 #深圳婚礼 #户外婚礼 #小众婚礼 #参加婚礼 #我的走心婚礼 #婚礼布置 #婚礼灵感
谢谢[飞吻R]	2024/3/22	午后阳光的氛围感绝了??｜深圳跟拍	https://www.xiaohongshu.com/explore/65fd0d4e0000000012032d9e	女摄羔羊雅（接亲领证跟拍）	广东	拍摄设备：佳能6D镜头：70-200，35定焦、24-105佳能镜头/拍照地点：从园博园的东门进去，一直走分叉路口往右边走、然后走到南苑位置开拍～/注意??点：可以选择下午三点左右去，到那里差不多3点半到4点左右的光线拍照也挺好看的，微黄色的胶片风???。_????还有去园博园最重要的一点就是记得带花露水，防??叮咬。我用的那款真的很好用，每次户外拍摄我都会带。_对了～忘记自我介绍啦[偷笑R]，我是来自湖南株洲的深圳女摄，目前专拍领证跟拍和接亲跟拍（活动跟拍、结婚、恋爱纪念跟拍……我也拍，有单来者不拒哈哈哈哈哈哈）/好看的照片服装搭配也必不可少??，深圳备婚的姐妹们可以根据自己的喜好来选择适合的服装，拍出来的照片才更好看～，黑白配是个经典风格，跟场地风格百搭，怎么样都不会出错！_拍摄前期我会沟通拍摄场地、风格、服装、妆容……根据这些来调整拍摄风格，我比较喜欢抓拍下的情绪记录??，会引导、会给你们情景设定然后我来抓，也会动作指导（不过我更喜欢是记录你们自然生活状态下的照片[哇R]）/3???少量档期可定、4???档期开启??预定啦还有更多可以看看??我的主页啦/#令人心动的爱情瞬间 #婚礼纪实 #中式户外 #民国风婚纱照 #一张照片高级感 #复古民国风 #客片分享 #旗袍婚纱照 #深圳领证跟拍 #深圳备婚
我也好喜欢[飞吻R]～我还拍了一组胶片???的，这个是单反拍的，等晚点发～	2024/3/22	午后阳光的氛围感绝了??｜深圳跟拍	https://www.xiaohongshu.com/explore/65fd0d4e0000000012032d9e	女摄羔羊雅（接亲领证跟拍）	广东	拍摄设备：佳能6D镜头：70-200，35定焦、24-105佳能镜头/拍照地点：从园博园的东门进去，一直走分叉路口往右边走、然后走到南苑位置开拍～/注意??点：可以选择下午三点左右去，到那里差不多3点半到4点左右的光线拍照也挺好看的，微黄色的胶片风???。_????还有去园博园最重要的一点就是记得带花露水，防??叮咬。我用的那款真的很好用，每次户外拍摄我都会带。_对了～忘记自我介绍啦[偷笑R]，我是来自湖南株洲的深圳女摄，目前专拍领证跟拍和接亲跟拍（活动跟拍、结婚、恋爱纪念跟拍……我也拍，有单来者不拒哈哈哈哈哈哈）/好看的照片服装搭配也必不可少??，深圳备婚的姐妹们可以根据自己的喜好来选择适合的服装，拍出来的照片才更好看～，黑白配是个经典风格，跟场地风格百搭，怎么样都不会出错！_拍摄前期我会沟通拍摄场地、风格、服装、妆容……根据这些来调整拍摄风格，我比较喜欢抓拍下的情绪记录??，会引导、会给你们情景设定然后我来抓，也会动作指导（不过我更喜欢是记录你们自然生活状态下的照片[哇R]）/3???少量档期可定、4???档期开启??预定啦还有更多可以看看??我的主页啦/#令人心动的爱情瞬间 #婚礼纪实 #中式户外 #民国风婚纱照 #一张照片高级感 #复古民国风 #客片分享 #旗袍婚纱照 #深圳领证跟拍 #深圳备婚
那是！我赞同！ 哈哈哈哈哈[害羞R][害羞R][害羞R]	2024/3/22	发婚礼请帖时，统一来宾们的着装颜色呀??	https://www.xiaohongshu.com/explore/65fcf68d0000000012032309	摄影师 星星的星	广东	如果可以的话，办户外婚礼的时候建议统一一下宾客们的服装色系，这样整场婚礼会更加有仪式感&有意义哦～ 如果你的婚礼有某种特定主题或色系，也可以把“dress code”主题写在你的婚礼请柬上哦～ 这样来宾服装的风格或者颜色，来与婚礼的风格和色调会有呼应。（?Dress code指的是着装规定，这在国外的派对、婚礼上十分常见，备婚过于复杂，很多新人会忽视这一点，其实有了 dress code，可以大大提升婚礼氛围哦~）原因有如下：??营造整体氛围：统一的服装颜色可以让整个婚礼现场看起来更加整洁、和谐，营造出一种独特的氛围。??突出主题：如果新人有特别的婚礼主题，例如某种颜色或风格，要求宾客穿着相应颜色的服装可以更好地突出主题。??拍照效果：统一服装颜色会让照片更加美观，也更容易拍出有特色的集体照。??方便宾客：对于一些不太擅长搭配服装的宾客来说，统一颜色可以让他们更容易选择合适的服装。??体现仪式感：这种要求可以让宾客更加投入到婚礼的氛围中，增强仪式感。当然，是否要求宾客统一服装颜色完全取决于新人的个人喜好和婚礼的整体策划。在实际执行中，还是要需要考虑宾客的接受程度和年龄范围，比较适用于少人一点的户外婚礼~ [哇R]你参加过要求统一服装颜色的婚礼吗？.#广州婚礼跟拍 #深圳婚礼跟拍 #佛山婚礼跟拍#我的走心婚礼 #胶片婚礼 #户外婚礼 #婚礼攻略
[飞吻R][飞吻R][飞吻R][飞吻R][飞吻R][飞吻R]	2024/3/22	发婚礼请帖时，统一来宾们的着装颜色呀??	https://www.xiaohongshu.com/explore/65fcf68d0000000012032309	摄影师 星星的星	广东	如果可以的话，办户外婚礼的时候建议统一一下宾客们的服装色系，这样整场婚礼会更加有仪式感&有意义哦～ 如果你的婚礼有某种特定主题或色系，也可以把“dress code”主题写在你的婚礼请柬上哦～ 这样来宾服装的风格或者颜色，来与婚礼的风格和色调会有呼应。（?Dress code指的是着装规定，这在国外的派对、婚礼上十分常见，备婚过于复杂，很多新人会忽视这一点，其实有了 dress code，可以大大提升婚礼氛围哦~）原因有如下：??营造整体氛围：统一的服装颜色可以让整个婚礼现场看起来更加整洁、和谐，营造出一种独特的氛围。??突出主题：如果新人有特别的婚礼主题，例如某种颜色或风格，要求宾客穿着相应颜色的服装可以更好地突出主题。??拍照效果：统一服装颜色会让照片更加美观，也更容易拍出有特色的集体照。??方便宾客：对于一些不太擅长搭配服装的宾客来说，统一颜色可以让他们更容易选择合适的服装。??体现仪式感：这种要求可以让宾客更加投入到婚礼的氛围中，增强仪式感。当然，是否要求宾客统一服装颜色完全取决于新人的个人喜好和婚礼的整体策划。在实际执行中，还是要需要考虑宾客的接受程度和年龄范围，比较适用于少人一点的户外婚礼~ [哇R]你参加过要求统一服装颜色的婚礼吗？.#广州婚礼跟拍 #深圳婚礼跟拍 #佛山婚礼跟拍#我的走心婚礼 #胶片婚礼 #户外婚礼 #婚礼攻略
你好，有的呀	2024/3/22	户外婚礼主持作品《三十而遇》	https://www.xiaohongshu.com/explore/65fcf67b000000000d00ed72	婚礼主持 高翔	广东	三十岁，是人生的一道分水岭。他们恰好在而立之年相遇，该来的人总会来，请耐心等待。雨中的婚礼，有独特的浪漫和氛围，投入其中，你会读懂这份美～#深圳婚礼 #深圳婚礼主持人 #惠州婚礼 #惠州婚礼主持人#东莞婚礼主持人 #户外婚礼 #雨天婚礼 #婚礼现场 #婚礼
真假参哦	2024/3/24	《怦然心动》同款大树下的婚礼	https://www.xiaohongshu.com/explore/65fce672000000001203201a	策划师Anan 小助理	广东	在春天让我们在大树下结个婚吧～
[偷笑R][偷笑R]	2024/3/22	户外婚礼的玩趣	https://www.xiaohongshu.com/explore/65fc4d3d000000000d00d951	山芈婚礼	广东	#一头扎进春天里 #户外婚礼 #小众婚礼 #户外 #享受这悠闲时光 #深圳婚礼 #真实婚礼 #小预算婚礼
[耶R]	2024/3/23	户外草坪婚礼|小众婚礼的美懂吗	https://www.xiaohongshu.com/explore/65fc3fa20000000012030b35	绘梦人婚礼 有情怀的策划	广东	一场不要太美丽的婚礼现场，小场地，出大片爱了！爱了！#户外婚礼#草坪婚礼#白绿小清新婚礼#深圳婚礼#登喜路国际大酒店 草坪婚礼#绘梦人婚礼策划
左边那只位置不对，再画了一次[捂脸R]	2024/3/22	在东莞・婚礼现场绘画 | ??新郎&??新娘	https://www.xiaohongshu.com/explore/65fbfa170000000012021383	婚礼画师??cc	广东	今天又是一对从校园到现在的恋爱新人和他们的婚礼布置一样，都很可爱[吧唧R]他们说“晚宴是给家人的，婚礼??应该是给我们自己的”，所以当然怎么开心怎么来！穿上圆滚滚的充气服，也被我用简笔画的形式记录下来了（无奖寻找成品[偷笑R]）第一次去东莞[大笑R]体验挺新奇的我对天气的温度似乎掌握得不太好，出门衬衫??加针织裙一到现场实在是太热了[捂脸R]美团赶紧下单了一条裤子和手机支架（手机支架也落在顺风车上了从酒店厕所换好出来就有个女老板形象的大姐姐严肃地问我什么什么餐厅在哪[汗颜R]我只能说我不是工作人员，因为我的形象真的太像工作人员了赶紧把袖子挽起来，衬衫前面打个结[笑哭R]看起来休闲一点对了，这个酒店有好多放养的孔雀??[哇R]除了在彝酃斫校飞上屋顶的样子还是很帅的（就在头顶上）拍到一只就在婚礼现场旁边的??好奇旁边的月子中心里面的????????觉得还好吗 哈哈最开始看东莞天气是28度+下雨???，虽然还没到下开水的程度[偷笑R]但这个配置就是妥妥的潮湿[石化R]上一次颜料干不了画得难受的现场还历历在目所以提前把底色给打好！画的那两天天也真的在回南了，还得用风扇吹一吹[偷笑R]有时候画画就喜欢慢慢来，所以这次底色铺得很放松慢慢地刷啊，摆啊，点啊，戳啊，勾线，过程非常治愈??朱迪和??尼克为了画得更准更精致，也提前带上了[暗中观察R]
[偷笑R]	2024/3/21	在东莞・婚礼现场绘画 | ??新郎&??新娘	https://www.xiaohongshu.com/explore/65fbfa170000000012021383	婚礼画师??cc	广东	今天又是一对从校园到现在的恋爱新人和他们的婚礼布置一样，都很可爱[吧唧R]他们说“晚宴是给家人的，婚礼??应该是给我们自己的”，所以当然怎么开心怎么来！穿上圆滚滚的充气服，也被我用简笔画的形式记录下来了（无奖寻找成品[偷笑R]）第一次去东莞[大笑R]体验挺新奇的我对天气的温度似乎掌握得不太好，出门衬衫??加针织裙一到现场实在是太热了[捂脸R]美团赶紧下单了一条裤子和手机支架（手机支架也落在顺风车上了从酒店厕所换好出来就有个女老板形象的大姐姐严肃地问我什么什么餐厅在哪[汗颜R]我只能说我不是工作人员，因为我的形象真的太像工作人员了赶紧把袖子挽起来，衬衫前面打个结[笑哭R]看起来休闲一点对了，这个酒店有好多放养的孔雀??[哇R]除了在彝酃斫校飞上屋顶的样子还是很帅的（就在头顶上）拍到一只就在婚礼现场旁边的??好奇旁边的月子中心里面的????????觉得还好吗 哈哈最开始看东莞天气是28度+下雨???，虽然还没到下开水的程度[偷笑R]但这个配置就是妥妥的潮湿[石化R]上一次颜料干不了画得难受的现场还历历在目所以提前把底色给打好！画的那两天天也真的在回南了，还得用风扇吹一吹[偷笑R]有时候画画就喜欢慢慢来，所以这次底色铺得很放松慢慢地刷啊，摆啊，点啊，戳啊，勾线，过程非常治愈??朱迪和??尼克为了画得更准更精致，也提前带上了[暗中观察R]
嗨  丝信 您了哈！[害羞R] 看看信息！	2024/3/21	别再犹豫 |这就是你梦寐以求的婚礼场地	https://www.xiaohongshu.com/explore/65fb02990000000012021e20	YoYo 婚礼宴会	广东	.婚礼 | 备婚 | 婚礼酒店 | 婚宴场地 | 深圳婚宴.[偷笑R]观澜格兰云天[赞R]坐标:观澜大道环观南路.[哇R]餐标：4999-11999元/桌.[飞吻R]场地介绍:[自拍R]大宴会厅:层高6m，可容纳58桌，无柱[飞吻R]西式宴会厅:可容纳20桌，无柱[自拍R]多功能:层高4m，可容纳18桌，无柱[飞吻R]太极大厅:层高3.5m，可容纳34桌，2柱[自拍R]2000平方米户外场地.推荐原因：酒店归属于格兰云天集团麾下[哇R]作为本土的五星级酒店翘楚[自拍R]其外观设计宛如一朵盛开的莲花[飞吻R]尽显出一种超凡脱俗的雅致与美感[偷笑R]酒店坐落于风景秀丽的龙华新区[色色R]紧邻著名的观澜湖高尔夫球会[哇R]充满艺术气息的观澜版画村以及山水田园旅游文化园[自拍R]四周环绕着丰富的旅游资源[偷笑R]为宾客提供了得天独厚的休闲度假环境。.[喝奶茶R]小编还整理了深圳各区热门婚宴酒店价格，有想了解的场地可以丝信我！.[一R]《南山区婚宴酒店》合集[樱花R][二R]《龙岗区婚宴酒店》合集[星R][三R]《罗湖区婚宴酒店》合集[福R][四R]《盐田区婚宴酒店》合集[樱花R][五R]《宝安区婚宴酒店》合集[星R][六R]《福田区婚宴酒店》合集[鞭炮R].
[害羞R][害羞R][害羞R][害羞R]	2024/3/21	珠帘绣幕蔼祥烟 合嘉盟缔百年 | 正好影像	https://www.xiaohongshu.com/explore/65fc24ad000000000d00e99c	正好影像社禁言中私信不回	广东	正好影像社婚礼客片分享    #  #
私您	2024/3/22	广州增城春天户外婚礼太生机盎然了	https://www.xiaohongshu.com/explore/65fbfd30000000001203fb3e	SurpriseVision思派视觉	广东	春天的婚礼 百看不厌-
[飞吻R][飞吻R]	2024/3/22	宾客来参加婚礼发朋友圈被赞爆的婚礼！	https://www.xiaohongshu.com/explore/65fbec920000000012032973	Autumn秋秋（孕晚期版）	广东	户外海边婚礼游园会get！婚礼游戏都玩什么？一直都不喜欢非常堂皇隆重的婚礼，希望是轻松的 愉快的 自由的 婚礼，于是最终找了策划公司敲定【婚礼游园会】婚礼游园会都玩什么游戏项目？1.入场券抽奖???2.投壶游戏??3.刮刮彩票???4.套圈圈??5.拍立得???6.扎气球???7.取名字?????8.油画师??户外婚礼晚宴After party请了乐队，音乐使得整个场子都很嗨，每位宾客都起来互动了，一场玩下来就是又开心又累，人生特殊的体验！烟花伴随着乐队缓缓升起，那一刻觉得这辈子，值了！婚礼结束后朋友都反馈婚礼办的很好，甚至他的朋友圈被点爆了，为此感到荣幸，我们开心，大家也开心！
场地｜喜来登度假酒店化妆｜依萌造型司仪｜立团队乐队｜制燥乐队摄影｜影工坊秘书｜艺萱策划｜圆梦	2024/3/21	宾客来参加婚礼发朋友圈被赞爆的婚礼！	https://www.xiaohongshu.com/explore/65fbec920000000012032973	Autumn秋秋（孕晚期版）	广东	户外海边婚礼游园会get！婚礼游戏都玩什么？一直都不喜欢非常堂皇隆重的婚礼，希望是轻松的 愉快的 自由的 婚礼，于是最终找了策划公司敲定【婚礼游园会】婚礼游园会都玩什么游戏项目？1.入场券抽奖???2.投壶游戏??3.刮刮彩票???4.套圈圈??5.拍立得???6.扎气球???7.取名字?????8.油画师??户外婚礼晚宴After party请了乐队，音乐使得整个场子都很嗨，每位宾客都起来互动了，一场玩下来就是又开心又累，人生特殊的体验！烟花伴随着乐队缓缓升起，那一刻觉得这辈子，值了！婚礼结束后朋友都反馈婚礼办的很好，甚至他的朋友圈被点爆了，为此感到荣幸，我们开心，大家也开心！
[飞吻R][飞吻R][飞吻R]	2024/3/21	宾客来参加婚礼发朋友圈被赞爆的婚礼！	https://www.xiaohongshu.com/explore/65fbec920000000012032973	Autumn秋秋（孕晚期版）	广东	户外海边婚礼游园会get！婚礼游戏都玩什么？一直都不喜欢非常堂皇隆重的婚礼，希望是轻松的 愉快的 自由的 婚礼，于是最终找了策划公司敲定【婚礼游园会】婚礼游园会都玩什么游戏项目？1.入场券抽奖???2.投壶游戏??3.刮刮彩票???4.套圈圈??5.拍立得???6.扎气球???7.取名字?????8.油画师??户外婚礼晚宴After party请了乐队，音乐使得整个场子都很嗨，每位宾客都起来互动了，一场玩下来就是又开心又累，人生特殊的体验！烟花伴随着乐队缓缓升起，那一刻觉得这辈子，值了！婚礼结束后朋友都反馈婚礼办的很好，甚至他的朋友圈被点爆了，为此感到荣幸，我们开心，大家也开心！
[飞吻R][飞吻R][飞吻R]	2024/3/21	宾客来参加婚礼发朋友圈被赞爆的婚礼！	https://www.xiaohongshu.com/explore/65fbec920000000012032973	Autumn秋秋（孕晚期版）	广东	户外海边婚礼游园会get！婚礼游戏都玩什么？一直都不喜欢非常堂皇隆重的婚礼，希望是轻松的 愉快的 自由的 婚礼，于是最终找了策划公司敲定【婚礼游园会】婚礼游园会都玩什么游戏项目？1.入场券抽奖???2.投壶游戏??3.刮刮彩票???4.套圈圈??5.拍立得???6.扎气球???7.取名字?????8.油画师??户外婚礼晚宴After party请了乐队，音乐使得整个场子都很嗨，每位宾客都起来互动了，一场玩下来就是又开心又累，人生特殊的体验！烟花伴随着乐队缓缓升起，那一刻觉得这辈子，值了！婚礼结束后朋友都反馈婚礼办的很好，甚至他的朋友圈被点爆了，为此感到荣幸，我们开心，大家也开心！
好的s老师	2024/3/22	户外婚礼这个小摊绝了，好多宾客排队等待	https://www.xiaohongshu.com/explore/65fbe9c80000000012030712	诗与远方婚礼定制	广东	相信我，户外婚礼这个调酒环节真的值得拥有，好多宾客在现场排队点单一人一杯莫吉托，喝完这杯再来一杯策划:#诗与远方文化传播酒店:#深圳佳兆业万豪酒店#深圳小众婚礼#深圳小众婚礼策划#深圳小众婚礼布置#深圳小众婚礼场地#深圳小众婚礼设计#深圳婚礼策划#深圳婚礼#深圳婚礼策划推荐#深圳婚礼策划师#深圳独立婚礼策划师#深圳小型婚礼#深圳小型婚礼场地#深圳小型婚礼策划#深圳小型婚礼布置#户外婚礼#户外婚礼记录#户外婚礼甜品台#深圳婚礼调酒#婚礼调酒师#婚礼调酒台#深圳草坪婚礼#深圳草坪婚礼策划#深圳草坪婚礼场地#深圳草坪婚礼布置#深圳海边婚礼#深圳海边婚礼策划#深圳海边婚礼场地#深圳海边婚礼布置#佳兆业万豪#佳兆业万豪酒店婚礼#诗与远方#诗与远方婚礼策划
劈	2024/3/21	户外婚礼这个小摊绝了，好多宾客排队等待	https://www.xiaohongshu.com/explore/65fbe9c80000000012030712	诗与远方婚礼定制	广东	相信我，户外婚礼这个调酒环节真的值得拥有，好多宾客在现场排队点单一人一杯莫吉托，喝完这杯再来一杯策划:#诗与远方文化传播酒店:#深圳佳兆业万豪酒店#深圳小众婚礼#深圳小众婚礼策划#深圳小众婚礼布置#深圳小众婚礼场地#深圳小众婚礼设计#深圳婚礼策划#深圳婚礼#深圳婚礼策划推荐#深圳婚礼策划师#深圳独立婚礼策划师#深圳小型婚礼#深圳小型婚礼场地#深圳小型婚礼策划#深圳小型婚礼布置#户外婚礼#户外婚礼记录#户外婚礼甜品台#深圳婚礼调酒#婚礼调酒师#婚礼调酒台#深圳草坪婚礼#深圳草坪婚礼策划#深圳草坪婚礼场地#深圳草坪婚礼布置#深圳海边婚礼#深圳海边婚礼策划#深圳海边婚礼场地#深圳海边婚礼布置#佳兆业万豪#佳兆业万豪酒店婚礼#诗与远方#诗与远方婚礼策划
来咯来咯[飞吻R]	2024/3/23	还是选择了这??深圳跑了N家才选定的场地	https://www.xiaohongshu.com/explore/65fbdcd5000000000d00e5db	RM罗曼公馆	广东	??分享场婚礼策划师自己的婚礼场地.开放式场地布局，给予婚礼更多可能性松软翠绿的宽阔草坪被绿植??环绕日影婆娑之中，构筑个沉浸式自然之境轻松解锁舒适自然??的私享婚礼美学.纯净简约的建筑融于树林花园间层层递进，又不失分寸复合多功能的多元化空间增加私密性同时，又给足安全度和舒适性全方位满足客户所需.??地址：深圳龙华区??店名：罗曼公馆.?? 扣【1】小编，一键获取全新报价
谢谢哈哈哈哈	2024/3/21	摄影师总结｜户外婚礼要怎么筹备才能出片？	https://www.xiaohongshu.com/explore/65fbd9dd00000000120374a9	摄影师 星星的星	广东	??很多姐妹想办户外婚礼，但总是担心效果不好，也不知道怎样挑选服装才能更出片，星星帮大家总结了2点，看完就知道怎么筹备啦！??户外婚礼出片好看&高级的2个重点：1.婚礼场地环境好/草坪质量好，背景统一不穿帮。2.婚纱款式简约轻便，宾客们dress code同一色系。展开说说：??草坪环境好这个很好理解，草地平整，不要坑坑洼洼的，不然穿高跟鞋走路会很难走，比较优质的户外婚礼场地草坪都是有专人打理维护的，还有就是背景不要建筑物穿帮会更加分哦。??婚纱选择轻婚纱蕞佳，避免户外婚礼选择blingbling的主纱，不然裙摆太长&太重会非常损耗体力，而且在草坪拍出来也不好看，选择缎面或者比较细腻的面料，款式选择简约款或者是比较有设计感的款式很nice，无拖尾或者是小拖尾都非常适合。??婚礼邀请上提醒宾客们dress code，可以提前想好婚礼布置会出现的颜色，让大家配合一下服装色系，这样拍照呈现的效果也会棒！随手一拍都是色调和谐的画面。-蕞后，选择摄影师也非常非常的重要，风格合拍、输出稳定都需要重点看哦，千万不能只看价格～?我是摄影师星星，经常会分享一些从摄影师角度出发的总结小经验～欢迎常来看哦～??:@摄影师 星星的星
谢谢包子[飞吻R]	2024/3/22	摄影师总结｜户外婚礼要怎么筹备才能出片？	https://www.xiaohongshu.com/explore/65fbd9dd00000000120374a9	摄影师 星星的星	广东	??很多姐妹想办户外婚礼，但总是担心效果不好，也不知道怎样挑选服装才能更出片，星星帮大家总结了2点，看完就知道怎么筹备啦！??户外婚礼出片好看&高级的2个重点：1.婚礼场地环境好/草坪质量好，背景统一不穿帮。2.婚纱款式简约轻便，宾客们dress code同一色系。展开说说：??草坪环境好这个很好理解，草地平整，不要坑坑洼洼的，不然穿高跟鞋走路会很难走，比较优质的户外婚礼场地草坪都是有专人打理维护的，还有就是背景不要建筑物穿帮会更加分哦。??婚纱选择轻婚纱蕞佳，避免户外婚礼选择blingbling的主纱，不然裙摆太长&太重会非常损耗体力，而且在草坪拍出来也不好看，选择缎面或者比较细腻的面料，款式选择简约款或者是比较有设计感的款式很nice，无拖尾或者是小拖尾都非常适合。??婚礼邀请上提醒宾客们dress code，可以提前想好婚礼布置会出现的颜色，让大家配合一下服装色系，这样拍照呈现的效果也会棒！随手一拍都是色调和谐的画面。-蕞后，选择摄影师也非常非常的重要，风格合拍、输出稳定都需要重点看哦，千万不能只看价格～?我是摄影师星星，经常会分享一些从摄影师角度出发的总结小经验～欢迎常来看哦～??:@摄影师 星星的星
小窗口滴滴[斜眼R]	2024/3/24	适合热情浪漫海岛婚礼的婚纱｜VERAWANG备婚	https://www.xiaohongshu.com/explore/65fbb828000000001203425f	VERA WANG深圳店	广东	“我想要一件舒适的礼服，最好有着大自然的元素，穿着她，我可以光着脚丫，与他奔跑在海边，享受与他的每一刻时光。”今天，你的梦想终于实现，你期盼的礼服就在眼前，你最爱的他就在身边。所有的等待，只为了这一刻最幸福的拥有。?图2-3 如烟似雾的Delphinium法国单肩薄纱，腰部点缀精致的手工丝绸花饰，是 Vera 以仲夏夜秘密花园为灵感打造的梦幻婚纱之一，在海岛、森林、草坪灯户外婚礼场景大放异彩。?图4-5 轻盈通透的 VERA WANG 婚纱 - Felisa 在新娘中的人气不断攀升，这件被评为“海岛婚礼NO.1”的立体剪裁法国薄纱，贯彻 Vera 对现代婚纱的美感追求，呈献灵动绰约的动态之美。?图6-7 奢华迷人的 VERA WANG HAUTE 奢华系列婚纱 - Camelia，是浪漫主义新娘心中无可替代的梦想之纱，Macramê 蕾丝拼鱼骨收腰阔型婚纱裙，不对称露肩白纱设计温雅如玉，将梦幻轻盈与高贵气势巧妙融合。?图8-11 如梦似幻的 Henrietta是“太阳王”路易十四时代古典氛围与现代风格的巧妙融合。象牙色 Macrame? 蕾丝自由蔓延，结合浪漫缱绻的多层褶皱薄纱，宛若油画中的辉煌嫁衣。. ?图12-14 VERA WANG HAUTE 婚纱-Acacia，结构感鱼尾胸衣映衬纤细线条，领口及拖尾处手工Macramé 绽开旖旎花意各位VERAWANG小仙女???♀?如果要选一件适合海岛婚礼的浪漫主纱，哪件是你的海岛婚礼梦想之纱呢？??VERA WANG Haute深圳旗舰店??地址：深圳市福田区卓悦中心北区2栋101号
滴滴您啦	2024/3/22	适合热情浪漫海岛婚礼的婚纱｜VERAWANG备婚	https://www.xiaohongshu.com/explore/65fbb828000000001203425f	VERA WANG深圳店	广东	“我想要一件舒适的礼服，最好有着大自然的元素，穿着她，我可以光着脚丫，与他奔跑在海边，享受与他的每一刻时光。”今天，你的梦想终于实现，你期盼的礼服就在眼前，你最爱的他就在身边。所有的等待，只为了这一刻最幸福的拥有。?图2-3 如烟似雾的Delphinium法国单肩薄纱，腰部点缀精致的手工丝绸花饰，是 Vera 以仲夏夜秘密花园为灵感打造的梦幻婚纱之一，在海岛、森林、草坪灯户外婚礼场景大放异彩。?图4-5 轻盈通透的 VERA WANG 婚纱 - Felisa 在新娘中的人气不断攀升，这件被评为“海岛婚礼NO.1”的立体剪裁法国薄纱，贯彻 Vera 对现代婚纱的美感追求，呈献灵动绰约的动态之美。?图6-7 奢华迷人的 VERA WANG HAUTE 奢华系列婚纱 - Camelia，是浪漫主义新娘心中无可替代的梦想之纱，Macramê 蕾丝拼鱼骨收腰阔型婚纱裙，不对称露肩白纱设计温雅如玉，将梦幻轻盈与高贵气势巧妙融合。?图8-11 如梦似幻的 Henrietta是“太阳王”路易十四时代古典氛围与现代风格的巧妙融合。象牙色 Macrame? 蕾丝自由蔓延，结合浪漫缱绻的多层褶皱薄纱，宛若油画中的辉煌嫁衣。. ?图12-14 VERA WANG HAUTE 婚纱-Acacia，结构感鱼尾胸衣映衬纤细线条，领口及拖尾处手工Macramé 绽开旖旎花意各位VERAWANG小仙女???♀?如果要选一件适合海岛婚礼的浪漫主纱，哪件是你的海岛婚礼梦想之纱呢？??VERA WANG Haute深圳旗舰店??地址：深圳市福田区卓悦中心北区2栋101号
滴滴[偷笑R]	2024/3/21	适合热情浪漫海岛婚礼的婚纱｜VERAWANG备婚	https://www.xiaohongshu.com/explore/65fbb828000000001203425f	VERA WANG深圳店	广东	“我想要一件舒适的礼服，最好有着大自然的元素，穿着她，我可以光着脚丫，与他奔跑在海边，享受与他的每一刻时光。”今天，你的梦想终于实现，你期盼的礼服就在眼前，你最爱的他就在身边。所有的等待，只为了这一刻最幸福的拥有。?图2-3 如烟似雾的Delphinium法国单肩薄纱，腰部点缀精致的手工丝绸花饰，是 Vera 以仲夏夜秘密花园为灵感打造的梦幻婚纱之一，在海岛、森林、草坪灯户外婚礼场景大放异彩。?图4-5 轻盈通透的 VERA WANG 婚纱 - Felisa 在新娘中的人气不断攀升，这件被评为“海岛婚礼NO.1”的立体剪裁法国薄纱，贯彻 Vera 对现代婚纱的美感追求，呈献灵动绰约的动态之美。?图6-7 奢华迷人的 VERA WANG HAUTE 奢华系列婚纱 - Camelia，是浪漫主义新娘心中无可替代的梦想之纱，Macramê 蕾丝拼鱼骨收腰阔型婚纱裙，不对称露肩白纱设计温雅如玉，将梦幻轻盈与高贵气势巧妙融合。?图8-11 如梦似幻的 Henrietta是“太阳王”路易十四时代古典氛围与现代风格的巧妙融合。象牙色 Macrame? 蕾丝自由蔓延，结合浪漫缱绻的多层褶皱薄纱，宛若油画中的辉煌嫁衣。. ?图12-14 VERA WANG HAUTE 婚纱-Acacia，结构感鱼尾胸衣映衬纤细线条，领口及拖尾处手工Macramé 绽开旖旎花意各位VERAWANG小仙女???♀?如果要选一件适合海岛婚礼的浪漫主纱，哪件是你的海岛婚礼梦想之纱呢？??VERA WANG Haute深圳旗舰店??地址：深圳市福田区卓悦中心北区2栋101号
@策划师Milo [飞吻R]	2024/3/23	婚礼上宾客都在排队，这个环节真的太爱了??	https://www.xiaohongshu.com/explore/65fbac81000000000d00e519	深圳婚礼策划师Milo看主页	广东	简直可以说是户外婚礼的最强加分项老板，给我来一杯带调味的莫吉托婚礼调酒台，如果是你，你会考虑加这个环节吗？策划：#诗与远方文化传播酒店：#深圳佳兆业万豪酒店#深圳婚礼#深圳婚礼策划#户外婚礼#婚礼策划#婚礼现场#婚礼#婚礼布置#婚礼调酒#婚礼调酒师#婚礼调酒台#深圳婚礼调酒#深圳草坪婚礼#深圳户外草坪婚礼策划#深圳草坪婚礼策划#深圳草坪婚礼场地#深圳户外草坪婚礼#深圳户外婚礼#深圳户外婚礼场地#深圳户外婚礼策划#深圳户外婚礼甜品台#深圳户外婚礼场地推荐#深圳真实户外小型婚礼#深圳海边婚礼#深圳海边婚礼策划#深圳海边婚礼场地#深圳海边婚礼布置#深圳户外海边草坪婚礼#佳兆业万豪酒店#深圳金沙湾佳兆业万豪酒店#诗与远方#诗与远方婚礼策划#深圳独立婚礼策划师#深圳小众婚礼策划#深圳小众婚礼#深圳小众婚礼布置#深圳小众婚礼场地#深圳小众氛围婚礼#深圳小型婚礼#深圳小型婚礼场地#深圳小型婚宴布置#深圳小型婚礼策划#深圳小型婚礼布置
丝你哈	2024/3/20	深圳小众户外婚礼场地｜伊匙秘境	https://www.xiaohongshu.com/explore/65fa9fa10000000012034850	简悦婚礼 小宇宙	广东	.?? 推荐理由：伊匙秘境位于深圳宝安曦城会所，有独栋别墅群，建筑风格是西班牙城堡风格，别致独特周边绿荫环绕，很好出片在这里办婚礼或者求婚，生日party，都无敌值得远离闹市让这里一切都显得非常安静美好―――――― ??场地信息 ――――――? 户外大甲板场地使用费9800元；? 坐落在别墅区里，私密性高，西班牙城堡风格建筑；? 场地面积800平方米+，适合50-150人；? 配备有新娘化妆休息间；? 提供观礼区金色竹节椅，户外音响、麦克风、照明灯光等；? 有2个宴会厅，可户外用餐，也可室内用餐??餐饮费用：? 婚宴提供自助餐、围餐、位上西餐等餐饮形式，烧烤、轻茶歇等也可以定制，比较灵活丰富；? 自助餐368元/位起，围餐3988元/桌起，位上西餐358元/位起?? 温馨提醒：以上为2024年场地信息，有一定时效性，详情以实际情况为准哦～看完这篇，如果你对伊匙秘境有更多想了解的，可以在评论区告诉我哟[飞吻R]#深圳婚礼#深圳户外婚礼场地#户外婚礼#100家探店计划
[害羞R][害羞R]	2024/3/20	美拉德色系??户外婚礼	https://www.xiaohongshu.com/explore/65fab0e80000000012033b0c	WhiteHouseDesign	广东	法式庄园风的婚礼#婚礼布置 #室内婚礼 #户外婚礼 #小预算婚礼 #真实婚礼 #婚礼攻略 #婚礼 #深圳婚礼 #美拉德 #小众婚礼
@涯海wedding户外婚礼 这家	2024/3/21	深圳临海草坪婚礼场地	https://www.xiaohongshu.com/explore/65faa84f000000001203d1f6	徐千岁	广东	本人预算20w 全部下来   80人两家比较和心意   目前心属于涯海订完后续持续分享#婚礼场地 #户外婚礼 #婚礼晚宴#深圳户外婚礼场地 #深圳婚礼场地#涯海户外婚礼#深圳佳兆业万豪酒店
哈哈哈 我也是纠结很久 不过这边景色我是真喜欢	2024/3/24	深圳临海草坪婚礼场地	https://www.xiaohongshu.com/explore/65faa84f000000001203d1f6	徐千岁	广东	本人预算20w 全部下来   80人两家比较和心意   目前心属于涯海订完后续持续分享#婚礼场地 #户外婚礼 #婚礼晚宴#深圳户外婚礼场地 #深圳婚礼场地#涯海户外婚礼#深圳佳兆业万豪酒店
果断选择户外	2024/3/21	深圳临海草坪婚礼场地	https://www.xiaohongshu.com/explore/65faa84f000000001203d1f6	徐千岁	广东	本人预算20w 全部下来   80人两家比较和心意   目前心属于涯海订完后续持续分享#婚礼场地 #户外婚礼 #婚礼晚宴#深圳户外婚礼场地 #深圳婚礼场地#涯海户外婚礼#深圳佳兆业万豪酒店
嗯嗯选这家还有一个原因 晚上哦after party 不用消音我可以搞晚一些	2024/3/25	深圳临海草坪婚礼场地	https://www.xiaohongshu.com/explore/65faa84f000000001203d1f6	徐千岁	广东	本人预算20w 全部下来   80人两家比较和心意   目前心属于涯海订完后续持续分享#婚礼场地 #户外婚礼 #婚礼晚宴#深圳户外婚礼场地 #深圳婚礼场地#涯海户外婚礼#深圳佳兆业万豪酒店
他们现在有包车服还行亲友一车就可以搞定	2024/3/21	深圳临海草坪婚礼场地	https://www.xiaohongshu.com/explore/65faa84f000000001203d1f6	徐千岁	广东	本人预算20w 全部下来   80人两家比较和心意   目前心属于涯海订完后续持续分享#婚礼场地 #户外婚礼 #婚礼晚宴#深圳户外婚礼场地 #深圳婚礼场地#涯海户外婚礼#深圳佳兆业万豪酒店
场地费	2024/3/21	深圳临海草坪婚礼场地	https://www.xiaohongshu.com/explore/65faa84f000000001203d1f6	徐千岁	广东	本人预算20w 全部下来   80人两家比较和心意   目前心属于涯海订完后续持续分享#婚礼场地 #户外婚礼 #婚礼晚宴#深圳户外婚礼场地 #深圳婚礼场地#涯海户外婚礼#深圳佳兆业万豪酒店
蟹蟹[派对R]	2024/3/20	一个女主持自然舒适的户外开场。	https://www.xiaohongshu.com/explore/65fa9ff0000000001203e13f	主持人丽芬	广东	主打就是轻松又自在，没有压力感。-#户外婚礼#婚礼女主持 #惠州婚礼主持人 #惠阳婚礼主持人 #深圳婚礼主持人 #河源婚礼主持人#东莞婚礼主持人#广州婚礼主持人 #韶关婚礼主持人 #汕尾婚礼主持人
嘻嘻	2024/3/21	一个女主持自然舒适的户外开场。	https://www.xiaohongshu.com/explore/65fa9ff0000000001203e13f	主持人丽芬	广东	主打就是轻松又自在，没有压力感。-#户外婚礼#婚礼女主持 #惠州婚礼主持人 #惠阳婚礼主持人 #深圳婚礼主持人 #河源婚礼主持人#东莞婚礼主持人#广州婚礼主持人 #韶关婚礼主持人 #汕尾婚礼主持人
[哇R][哇R]	2024/3/20	一个女主持自然舒适的户外开场。	https://www.xiaohongshu.com/explore/65fa9ff0000000001203e13f	主持人丽芬	广东	主打就是轻松又自在，没有压力感。-#户外婚礼#婚礼女主持 #惠州婚礼主持人 #惠阳婚礼主持人 #深圳婚礼主持人 #河源婚礼主持人#东莞婚礼主持人#广州婚礼主持人 #韶关婚礼主持人 #汕尾婚礼主持人
私信	2024/3/23	定格下这场绿意盎然，8888套餐遥遥领先！	https://www.xiaohongshu.com/explore/65fd96fe000000000d00f8ee	安鑫婚庆	广东	8888全场一站式婚礼布置包含四大金刚摄影录像化妆，限定活动加9.9元送即影即有照片现场打印无限制打印，服务范围广东省内！#小清新婚礼 #森系婚礼 #主题婚礼 #一站式婚礼 #真实婚礼 #婚礼攻略 #婚礼 #真实婚礼 #小清新婚礼 #婚礼现场 #户外婚礼 #婚礼纪实 #广州婚礼 #深圳婚礼 #中山婚礼 #东莞婚礼 #佛山婚礼
谢谢亲[偷笑R]	2024/3/22	我的小预算户外婚礼――场地篇	https://www.xiaohongshu.com/explore/65fcfa5f0000000014006854	Sakura	广东	一直想要一场森系、唯美、自然的户外婚礼，场地选择很重要。广佛大大小小的户外场地都看过，还是觉得广佛交接的这个场地最合适！[向右R]对比其他差不多[一R]w的广佛场地，这家场地费对半折，适合我的??[向右R]最喜欢的是他家的化妆间了，三角形玻璃房，在里面化妆真的很出片[拍立得R]！而且坐在里面，可以看到外面的场景，沉浸式体验场景布置[拍立得R][向右R]场地有两个玻璃房 。小玻璃房最出片，背后有一颗大树（广佛基本没有这种大树场地），很适合做大树婚礼！！可惜我们宾客超过了60人，不能在那里做婚礼，希望有姐妹可以用那里做一场暮光之城婚礼??！绝对出片！！！最终我们选择了在花园那里做仪式场地，用大玻璃房做宴会场地。大玻璃房可以容纳200人以内。[向右R]场地有西餐和中餐。这家餐厅做了很多年了，出品一直很稳定。仪式的时候还给我们免费提供柠檬水??，服务很nice[鼓掌R]还有一点，场地名字实在太好听了，整体就是森系庄园风，名字和场地给人眼前一亮的感觉。
需要开车，有停车场。外面的路有点窄，但整体方便	2024/3/22	我的小预算户外婚礼――场地篇	https://www.xiaohongshu.com/explore/65fcfa5f0000000014006854	Sakura	广东	一直想要一场森系、唯美、自然的户外婚礼，场地选择很重要。广佛大大小小的户外场地都看过，还是觉得广佛交接的这个场地最合适！[向右R]对比其他差不多[一R]w的广佛场地，这家场地费对半折，适合我的??[向右R]最喜欢的是他家的化妆间了，三角形玻璃房，在里面化妆真的很出片[拍立得R]！而且坐在里面，可以看到外面的场景，沉浸式体验场景布置[拍立得R][向右R]场地有两个玻璃房 。小玻璃房最出片，背后有一颗大树（广佛基本没有这种大树场地），很适合做大树婚礼！！可惜我们宾客超过了60人，不能在那里做婚礼，希望有姐妹可以用那里做一场暮光之城婚礼??！绝对出片！！！最终我们选择了在花园那里做仪式场地，用大玻璃房做宴会场地。大玻璃房可以容纳200人以内。[向右R]场地有西餐和中餐。这家餐厅做了很多年了，出品一直很稳定。仪式的时候还给我们免费提供柠檬水??，服务很nice[鼓掌R]还有一点，场地名字实在太好听了，整体就是森系庄园风，名字和场地给人眼前一亮的感觉。
顺德陌上花开	2024/3/24	我的小预算户外婚礼――场地篇	https://www.xiaohongshu.com/explore/65fcfa5f0000000014006854	Sakura	广东	一直想要一场森系、唯美、自然的户外婚礼，场地选择很重要。广佛大大小小的户外场地都看过，还是觉得广佛交接的这个场地最合适！[向右R]对比其他差不多[一R]w的广佛场地，这家场地费对半折，适合我的??[向右R]最喜欢的是他家的化妆间了，三角形玻璃房，在里面化妆真的很出片[拍立得R]！而且坐在里面，可以看到外面的场景，沉浸式体验场景布置[拍立得R][向右R]场地有两个玻璃房 。小玻璃房最出片，背后有一颗大树（广佛基本没有这种大树场地），很适合做大树婚礼！！可惜我们宾客超过了60人，不能在那里做婚礼，希望有姐妹可以用那里做一场暮光之城婚礼??！绝对出片！！！最终我们选择了在花园那里做仪式场地，用大玻璃房做宴会场地。大玻璃房可以容纳200人以内。[向右R]场地有西餐和中餐。这家餐厅做了很多年了，出品一直很稳定。仪式的时候还给我们免费提供柠檬水??，服务很nice[鼓掌R]还有一点，场地名字实在太好听了，整体就是森系庄园风，名字和场地给人眼前一亮的感觉。
那是！我赞同！ 哈哈哈哈哈[害羞R][害羞R][害羞R]	2024/3/22	发婚礼请帖时，统一来宾们的着装颜色呀??	https://www.xiaohongshu.com/explore/65fcf68d0000000012032309	摄影师 星星的星	广东	如果可以的话，办户外婚礼的时候建议统一一下宾客们的服装色系，这样整场婚礼会更加有仪式感&有意义哦～ 如果你的婚礼有某种特定主题或色系，也可以把“dress code”主题写在你的婚礼请柬上哦～ 这样来宾服装的风格或者颜色，来与婚礼的风格和色调会有呼应。（?Dress code指的是着装规定，这在国外的派对、婚礼上十分常见，备婚过于复杂，很多新人会忽视这一点，其实有了 dress code，可以大大提升婚礼氛围哦~）原因有如下：??营造整体氛围：统一的服装颜色可以让整个婚礼现场看起来更加整洁、和谐，营造出一种独特的氛围。??突出主题：如果新人有特别的婚礼主题，例如某种颜色或风格，要求宾客穿着相应颜色的服装可以更好地突出主题。??拍照效果：统一服装颜色会让照片更加美观，也更容易拍出有特色的集体照。??方便宾客：对于一些不太擅长搭配服装的宾客来说，统一颜色可以让他们更容易选择合适的服装。??体现仪式感：这种要求可以让宾客更加投入到婚礼的氛围中，增强仪式感。当然，是否要求宾客统一服装颜色完全取决于新人的个人喜好和婚礼的整体策划。在实际执行中，还是要需要考虑宾客的接受程度和年龄范围，比较适用于少人一点的户外婚礼~ [哇R]你参加过要求统一服装颜色的婚礼吗？.#广州婚礼跟拍 #深圳婚礼跟拍 #佛山婚礼跟拍#我的走心婚礼 #胶片婚礼 #户外婚礼 #婚礼攻略
[飞吻R][飞吻R][飞吻R][飞吻R][飞吻R][飞吻R]	2024/3/22	发婚礼请帖时，统一来宾们的着装颜色呀??	https://www.xiaohongshu.com/explore/65fcf68d0000000012032309	摄影师 星星的星	广东	如果可以的话，办户外婚礼的时候建议统一一下宾客们的服装色系，这样整场婚礼会更加有仪式感&有意义哦～ 如果你的婚礼有某种特定主题或色系，也可以把“dress code”主题写在你的婚礼请柬上哦～ 这样来宾服装的风格或者颜色，来与婚礼的风格和色调会有呼应。（?Dress code指的是着装规定，这在国外的派对、婚礼上十分常见，备婚过于复杂，很多新人会忽视这一点，其实有了 dress code，可以大大提升婚礼氛围哦~）原因有如下：??营造整体氛围：统一的服装颜色可以让整个婚礼现场看起来更加整洁、和谐，营造出一种独特的氛围。??突出主题：如果新人有特别的婚礼主题，例如某种颜色或风格，要求宾客穿着相应颜色的服装可以更好地突出主题。??拍照效果：统一服装颜色会让照片更加美观，也更容易拍出有特色的集体照。??方便宾客：对于一些不太擅长搭配服装的宾客来说，统一颜色可以让他们更容易选择合适的服装。??体现仪式感：这种要求可以让宾客更加投入到婚礼的氛围中，增强仪式感。当然，是否要求宾客统一服装颜色完全取决于新人的个人喜好和婚礼的整体策划。在实际执行中，还是要需要考虑宾客的接受程度和年龄范围，比较适用于少人一点的户外婚礼~ [哇R]你参加过要求统一服装颜色的婚礼吗？.#广州婚礼跟拍 #深圳婚礼跟拍 #佛山婚礼跟拍#我的走心婚礼 #胶片婚礼 #户外婚礼 #婚礼攻略
后台已私[握手R]	2024/3/22	一起去露营 江森营地~不过夜露营｜过夜露营	https://www.xiaohongshu.com/explore/65fc6a1b00000000120323c7	KiKi旅游好物分享	广东	金莎农业生态园位于佛山市南海区丹灶镇金沙滩旁边，占地350亩，集合亲子研学、旅游观光、劳动教育、露营营地、企业团建、家庭聚会、户外求婚婚礼等活动于一体。星辰露营・江森营营地位于北江河边金莎湾大桥旁，超80亩开阔平整草地，东临北江，西靠成片树林，具有优良的自然生态环境。主要用户群体为热爱自然、崇尚回归田园生活的户外休闲爱好者。.?水果采摘?越野车?户外露营?篝火晚会?烟花???钓鱼?团建?洗手间?停车场?无动力乐园?烧烤/烤肉/火锅?自助餐（30人起订）?野炊（10人/围）…….[萌萌哒R]使用时间：?不过夜露营: 10:00-23:00?过夜露营: 当天14:00后-次天12点前.[蹲后续H]过夜露营收费【自带装备】: 98/人??[蹲后续H]不过夜露营收费:?4人露营装备烧烤套餐 398???4人露营装备烤肉套餐 399???6人露营装备烧烤套餐 538???6人露营装备火锅套餐 528???6人露营装备烤肉套餐 638???6人露营装备围炉煮菜套餐 388???8人露营装备烤肉套餐 888???10人露营装备火锅套餐 888??.??更多详情，欢迎私信??
左边那只位置不对，再画了一次[捂脸R]	2024/3/22	在东莞・婚礼现场绘画 | ??新郎&??新娘	https://www.xiaohongshu.com/explore/65fbfa170000000012021383	婚礼画师??cc	广东	今天又是一对从校园到现在的恋爱新人和他们的婚礼布置一样，都很可爱[吧唧R]他们说“晚宴是给家人的，婚礼??应该是给我们自己的”，所以当然怎么开心怎么来！穿上圆滚滚的充气服，也被我用简笔画的形式记录下来了（无奖寻找成品[偷笑R]）第一次去东莞[大笑R]体验挺新奇的我对天气的温度似乎掌握得不太好，出门衬衫??加针织裙一到现场实在是太热了[捂脸R]美团赶紧下单了一条裤子和手机支架（手机支架也落在顺风车上了从酒店厕所换好出来就有个女老板形象的大姐姐严肃地问我什么什么餐厅在哪[汗颜R]我只能说我不是工作人员，因为我的形象真的太像工作人员了赶紧把袖子挽起来，衬衫前面打个结[笑哭R]看起来休闲一点对了，这个酒店有好多放养的孔雀??[哇R]除了在彝酃斫校飞上屋顶的样子还是很帅的（就在头顶上）拍到一只就在婚礼现场旁边的??好奇旁边的月子中心里面的????????觉得还好吗 哈哈最开始看东莞天气是28度+下雨???，虽然还没到下开水的程度[偷笑R]但这个配置就是妥妥的潮湿[石化R]上一次颜料干不了画得难受的现场还历历在目所以提前把底色给打好！画的那两天天也真的在回南了，还得用风扇吹一吹[偷笑R]有时候画画就喜欢慢慢来，所以这次底色铺得很放松慢慢地刷啊，摆啊，点啊，戳啊，勾线，过程非常治愈??朱迪和??尼克为了画得更准更精致，也提前带上了[暗中观察R]#婚礼现场绘画#婚礼绘画 #婚礼画师#广东婚礼#东莞婚礼#佛山婚礼#广州婚礼#中山婚礼#清远婚礼 #珠海婚礼 #顺德婚礼 #南海婚礼 #禅城婚礼 #高明婚礼#广州婚礼现场绘画#佛山婚礼现场绘画 #东莞婚礼现场绘画#深圳婚礼现场绘画 #江门婚礼现场绘画#中山婚礼现场绘画#厦门婚礼现场绘画#泉州婚礼现场绘画#福建婚礼现场绘画#草坪婚礼 #户外婚礼#备婚#结婚礼物送新人 #婚礼现场#疯狂动物城婚礼#多巴胺婚礼 #令人心动的爱情瞬间#自由职业者的苦和乐 #绘画日常 #小众婚礼 #婚礼的那些套路
[偷笑R]	2024/3/21	在东莞・婚礼现场绘画 | ??新郎&??新娘	https://www.xiaohongshu.com/explore/65fbfa170000000012021383	婚礼画师??cc	广东	今天又是一对从校园到现在的恋爱新人和他们的婚礼布置一样，都很可爱[吧唧R]他们说“晚宴是给家人的，婚礼??应该是给我们自己的”，所以当然怎么开心怎么来！穿上圆滚滚的充气服，也被我用简笔画的形式记录下来了（无奖寻找成品[偷笑R]）第一次去东莞[大笑R]体验挺新奇的我对天气的温度似乎掌握得不太好，出门衬衫??加针织裙一到现场实在是太热了[捂脸R]美团赶紧下单了一条裤子和手机支架（手机支架也落在顺风车上了从酒店厕所换好出来就有个女老板形象的大姐姐严肃地问我什么什么餐厅在哪[汗颜R]我只能说我不是工作人员，因为我的形象真的太像工作人员了赶紧把袖子挽起来，衬衫前面打个结[笑哭R]看起来休闲一点对了，这个酒店有好多放养的孔雀??[哇R]除了在彝酃斫校飞上屋顶的样子还是很帅的（就在头顶上）拍到一只就在婚礼现场旁边的??好奇旁边的月子中心里面的????????觉得还好吗 哈哈最开始看东莞天气是28度+下雨???，虽然还没到下开水的程度[偷笑R]但这个配置就是妥妥的潮湿[石化R]上一次颜料干不了画得难受的现场还历历在目所以提前把底色给打好！画的那两天天也真的在回南了，还得用风扇吹一吹[偷笑R]有时候画画就喜欢慢慢来，所以这次底色铺得很放松慢慢地刷啊，摆啊，点啊，戳啊，勾线，过程非常治愈??朱迪和??尼克为了画得更准更精致，也提前带上了[暗中观察R]#婚礼现场绘画#婚礼绘画 #婚礼画师#广东婚礼#东莞婚礼#佛山婚礼#广州婚礼#中山婚礼#清远婚礼 #珠海婚礼 #顺德婚礼 #南海婚礼 #禅城婚礼 #高明婚礼#广州婚礼现场绘画#佛山婚礼现场绘画 #东莞婚礼现场绘画#深圳婚礼现场绘画 #江门婚礼现场绘画#中山婚礼现场绘画#厦门婚礼现场绘画#泉州婚礼现场绘画#福建婚礼现场绘画#草坪婚礼 #户外婚礼#备婚#结婚礼物送新人 #婚礼现场#疯狂动物城婚礼#多巴胺婚礼 #令人心动的爱情瞬间#自由职业者的苦和乐 #绘画日常 #小众婚礼 #婚礼的那些套路
[害羞R][害羞R][害羞R][害羞R]	2024/3/21	珠帘绣幕蔼祥烟 合嘉盟缔百年 | 正好影像	https://www.xiaohongshu.com/explore/65fc24ad000000000d00e99c	正好影像社禁言中私信不回	广东	正好影像社婚礼客片分享    #  #
私您	2024/3/22	广州增城春天户外婚礼太生机盎然了	https://www.xiaohongshu.com/explore/65fbfd30000000001203fb3e	SurpriseVision思派视觉	广东	春天的婚礼 百看不厌-#令人心动的爱情瞬间 #令人心动的爱情瞬间 #广州婚礼 #户外婚礼 #婚礼布置 #婚礼跟拍 #佛山婚礼 #增城婚礼 #婚礼布置 #婚礼 #真实婚礼 #东莞婚礼 #佛山婚礼 #惠州婚礼 #深圳婚礼 #增城婚礼跟拍 #广州婚礼摄影 #备婚攻略 #广州婚礼四大金刚推荐 #广州备婚 #增城备婚#新塘婚礼 #凤凰城
谢谢哈哈哈哈	2024/3/21	摄影师总结｜户外婚礼要怎么筹备才能出片？	https://www.xiaohongshu.com/explore/65fbd9dd00000000120374a9	摄影师 星星的星	广东	??很多姐妹想办户外婚礼，但总是担心效果不好，也不知道怎样挑选服装才能更出片，星星帮大家总结了2点，看完就知道怎么筹备啦！??户外婚礼出片好看&高级的2个重点：1.婚礼场地环境好/草坪质量好，背景统一不穿帮。2.婚纱款式简约轻便，宾客们dress code同一色系。展开说说：??草坪环境好这个很好理解，草地平整，不要坑坑洼洼的，不然穿高跟鞋走路会很难走，比较优质的户外婚礼场地草坪都是有专人打理维护的，还有就是背景不要建筑物穿帮会更加分哦。??婚纱选择轻婚纱蕞佳，避免户外婚礼选择blingbling的主纱，不然裙摆太长&太重会非常损耗体力，而且在草坪拍出来也不好看，选择缎面或者比较细腻的面料，款式选择简约款或者是比较有设计感的款式很nice，无拖尾或者是小拖尾都非常适合。??婚礼邀请上提醒宾客们dress code，可以提前想好婚礼布置会出现的颜色，让大家配合一下服装色系，这样拍照呈现的效果也会棒！随手一拍都是色调和谐的画面。-蕞后，选择摄影师也非常非常的重要，风格合拍、输出稳定都需要重点看哦，千万不能只看价格～?我是摄影师星星，经常会分享一些从摄影师角度出发的总结小经验～欢迎常来看哦～??:@摄影师 星星的星#广州婚礼跟拍 #广州户外婚礼 #佛山婚礼跟拍 #佛山户外婚礼 #深圳婚礼跟拍 #深圳户外婚礼 #婚礼攻略 #户外婚礼
谢谢包子[飞吻R]	2024/3/22	摄影师总结｜户外婚礼要怎么筹备才能出片？	https://www.xiaohongshu.com/explore/65fbd9dd00000000120374a9	摄影师 星星的星	广东	??很多姐妹想办户外婚礼，但总是担心效果不好，也不知道怎样挑选服装才能更出片，星星帮大家总结了2点，看完就知道怎么筹备啦！??户外婚礼出片好看&高级的2个重点：1.婚礼场地环境好/草坪质量好，背景统一不穿帮。2.婚纱款式简约轻便，宾客们dress code同一色系。展开说说：??草坪环境好这个很好理解，草地平整，不要坑坑洼洼的，不然穿高跟鞋走路会很难走，比较优质的户外婚礼场地草坪都是有专人打理维护的，还有就是背景不要建筑物穿帮会更加分哦。??婚纱选择轻婚纱蕞佳，避免户外婚礼选择blingbling的主纱，不然裙摆太长&太重会非常损耗体力，而且在草坪拍出来也不好看，选择缎面或者比较细腻的面料，款式选择简约款或者是比较有设计感的款式很nice，无拖尾或者是小拖尾都非常适合。??婚礼邀请上提醒宾客们dress code，可以提前想好婚礼布置会出现的颜色，让大家配合一下服装色系，这样拍照呈现的效果也会棒！随手一拍都是色调和谐的画面。-蕞后，选择摄影师也非常非常的重要，风格合拍、输出稳定都需要重点看哦，千万不能只看价格～?我是摄影师星星，经常会分享一些从摄影师角度出发的总结小经验～欢迎常来看哦～??:@摄影师 星星的星#广州婚礼跟拍 #广州户外婚礼 #佛山婚礼跟拍 #佛山户外婚礼 #深圳婚礼跟拍 #深圳户外婚礼 #婚礼攻略 #户外婚礼
接的，我也是佛山的	2024/3/21	广州l佛山婚礼跟拍，明码标价 899小预算跟拍	https://www.xiaohongshu.com/explore/65ef07990000000013026a8e	eric_chentao	广东	广州l佛山婚礼跟拍，明码标价 899小预算跟拍可接广州、佛山周围婚礼婚礼跟拍费用^ 899/单机位，拍摄时间为7点-21点，底片不少于500张，底片微调^ 1299/ 单机位，拍摄时间为7点-21点，底片不少于500张，30张精修^ 2399/双机位，拍摄时间为7点-21点，底片不少于1000张，60张精修。^服务细则：超出服务时间按照100/机位/小时计算；落实档期支付总费用 50%，车费、餐费实报实销;成片交付周期为结清费用后 20-30个工作日^小预算也不影响完整记录幸福的模样
[拔草R]	2024/3/21	空间感满满的照片通道	https://www.xiaohongshu.com/explore/65fb9cad00000000120315e1	森意婚礼Truesum	广东	#佛山婚礼 #婚礼布置 #户外婚礼 #婚礼策划
[萌萌哒R]成为“基建狂魔”	2024/3/21	??空中平台“造”瀑布 | ??广州户外婚礼	https://www.xiaohongshu.com/explore/65fb135c000000000d00c10f	蛋小姐Kami	广东	1??在广州做婚礼，对于户外的天气真的是无比焦虑。完全没有办法承诺新人怎么解决下雨这个问题，如果没有搭棚，只能接受淋雨。而这一次真的非常的幸运，让我体现了一把能观雨的浪漫。下着毛毛细雨和后面的白云山脉涌现的水汽，完全就是巨幅的水墨画作。2?? 非常罕见，拥有这么宽广的视线以及这么大承载量的空中平台。3??半空平台它拥有绝好的视线，能和背后的白云山山景起到一个呼应。从会堂的艺术品的灵感，我希望能将画作里面的河山和白云山脉做一个融合，仿佛从画作走出来到面前的实景。4??东方韵味的婚礼做了很多，有新中式的、古风的、小众南洋风的，还真的第一次针对“岭南”这个元素。??13年婚礼策划的蛋蛋频道，这里有赤裸裸的策划经验，避雷必备。?????♀?以上就是关于这次话题的分享，还有什么想知道的，欢迎各位小仙女们评论区见！??更多备婚过程的疑难杂症放心交给@广州礼节策划Eggcellent
还有琵琶 荔枝 龙眼[doge]	2024/3/21	??空中平台“造”瀑布 | ??广州户外婚礼	https://www.xiaohongshu.com/explore/65fb135c000000000d00c10f	蛋小姐Kami	广东	1??在广州做婚礼，对于户外的天气真的是无比焦虑。完全没有办法承诺新人怎么解决下雨这个问题，如果没有搭棚，只能接受淋雨。而这一次真的非常的幸运，让我体现了一把能观雨的浪漫。下着毛毛细雨和后面的白云山脉涌现的水汽，完全就是巨幅的水墨画作。2?? 非常罕见，拥有这么宽广的视线以及这么大承载量的空中平台。3??半空平台它拥有绝好的视线，能和背后的白云山山景起到一个呼应。从会堂的艺术品的灵感，我希望能将画作里面的河山和白云山脉做一个融合，仿佛从画作走出来到面前的实景。4??东方韵味的婚礼做了很多，有新中式的、古风的、小众南洋风的，还真的第一次针对“岭南”这个元素。??13年婚礼策划的蛋蛋频道，这里有赤裸裸的策划经验，避雷必备。?????♀?以上就是关于这次话题的分享，还有什么想知道的，欢迎各位小仙女们评论区见！??更多备婚过程的疑难杂症放心交给@广州礼节策划Eggcellent
[萌萌哒R]还可以更多可能	2024/3/21	??空中平台“造”瀑布 | ??广州户外婚礼	https://www.xiaohongshu.com/explore/65fb135c000000000d00c10f	蛋小姐Kami	广东	1??在广州做婚礼，对于户外的天气真的是无比焦虑。完全没有办法承诺新人怎么解决下雨这个问题，如果没有搭棚，只能接受淋雨。而这一次真的非常的幸运，让我体现了一把能观雨的浪漫。下着毛毛细雨和后面的白云山脉涌现的水汽，完全就是巨幅的水墨画作。2?? 非常罕见，拥有这么宽广的视线以及这么大承载量的空中平台。3??半空平台它拥有绝好的视线，能和背后的白云山山景起到一个呼应。从会堂的艺术品的灵感，我希望能将画作里面的河山和白云山脉做一个融合，仿佛从画作走出来到面前的实景。4??东方韵味的婚礼做了很多，有新中式的、古风的、小众南洋风的，还真的第一次针对“岭南”这个元素。??13年婚礼策划的蛋蛋频道，这里有赤裸裸的策划经验，避雷必备。?????♀?以上就是关于这次话题的分享，还有什么想知道的，欢迎各位小仙女们评论区见！??更多备婚过程的疑难杂症放心交给@广州礼节策划Eggcellent
这瀑布如我所愿[doge]	2024/3/21	??空中平台“造”瀑布 | ??广州户外婚礼	https://www.xiaohongshu.com/explore/65fb135c000000000d00c10f	蛋小姐Kami	广东	1??在广州做婚礼，对于户外的天气真的是无比焦虑。完全没有办法承诺新人怎么解决下雨这个问题，如果没有搭棚，只能接受淋雨。而这一次真的非常的幸运，让我体现了一把能观雨的浪漫。下着毛毛细雨和后面的白云山脉涌现的水汽，完全就是巨幅的水墨画作。2?? 非常罕见，拥有这么宽广的视线以及这么大承载量的空中平台。3??半空平台它拥有绝好的视线，能和背后的白云山山景起到一个呼应。从会堂的艺术品的灵感，我希望能将画作里面的河山和白云山脉做一个融合，仿佛从画作走出来到面前的实景。4??东方韵味的婚礼做了很多，有新中式的、古风的、小众南洋风的，还真的第一次针对“岭南”这个元素。??13年婚礼策划的蛋蛋频道，这里有赤裸裸的策划经验，避雷必备。?????♀?以上就是关于这次话题的分享，还有什么想知道的，欢迎各位小仙女们评论区见！??更多备婚过程的疑难杂症放心交给@广州礼节策划Eggcellent
[doge]时间不多了，哈哈哈哈	2024/3/21	??空中平台“造”瀑布 | ??广州户外婚礼	https://www.xiaohongshu.com/explore/65fb135c000000000d00c10f	蛋小姐Kami	广东	1??在广州做婚礼，对于户外的天气真的是无比焦虑。完全没有办法承诺新人怎么解决下雨这个问题，如果没有搭棚，只能接受淋雨。而这一次真的非常的幸运，让我体现了一把能观雨的浪漫。下着毛毛细雨和后面的白云山脉涌现的水汽，完全就是巨幅的水墨画作。2?? 非常罕见，拥有这么宽广的视线以及这么大承载量的空中平台。3??半空平台它拥有绝好的视线，能和背后的白云山山景起到一个呼应。从会堂的艺术品的灵感，我希望能将画作里面的河山和白云山脉做一个融合，仿佛从画作走出来到面前的实景。4??东方韵味的婚礼做了很多，有新中式的、古风的、小众南洋风的，还真的第一次针对“岭南”这个元素。??13年婚礼策划的蛋蛋频道，这里有赤裸裸的策划经验，避雷必备。?????♀?以上就是关于这次话题的分享，还有什么想知道的，欢迎各位小仙女们评论区见！??更多备婚过程的疑难杂症放心交给@广州礼节策划Eggcellent
有停车场哦，我发您啦[偷笑R]	2024/3/21	绝了??这是在佛山南海区的露营营地	https://www.xiaohongshu.com/explore/65fa6b410000000013024036	小红书吃喝玩乐购	广东	金沙户外休闲运动岛是西北两江交汇形成的良田沃土，岛外水天一色，岛内绿树婆娑。80亩天然草地，独揽北江一线江景！藏在运动岛南海金莎湾农业生态园内的营地将满足你对露营撒野的所有想象。营地是建在森林中的游客栖息地，一年四季如画，多个大型户外天幕和帐篷配有户外餐桌餐椅，团建、聚餐、生日、婚礼都能安排！金莎湾农业生态园占地350亩，除了有露营营地，还有无动力儿童乐园、果蔬采摘区、萌宠区等，是丹灶农文旅融合发展的高品质田园综合体。懒人露营??，啥都不用带！套餐参考：4人??烧烤食材+露营装备套餐 ：3986人??烧烤食材+露营装备套餐 ：5384人??烤肉8荤8素食材+露营装备 ：3996人 ??网红烤肉食材+露营装备：6388人??烤肉32荤32素+露营装备套餐：8886人??火锅食材+露营装备套餐：52810人??火锅食材+露营装备套餐：8886人????????围炉煮茶+露营装备 ：388?? 金莎湾农业生态园
发您了	2024/3/25	绝了??这是在佛山南海区的露营营地	https://www.xiaohongshu.com/explore/65fa6b410000000013024036	小红书吃喝玩乐购	广东	金沙户外休闲运动岛是西北两江交汇形成的良田沃土，岛外水天一色，岛内绿树婆娑。80亩天然草地，独揽北江一线江景！藏在运动岛南海金莎湾农业生态园内的营地将满足你对露营撒野的所有想象。营地是建在森林中的游客栖息地，一年四季如画，多个大型户外天幕和帐篷配有户外餐桌餐椅，团建、聚餐、生日、婚礼都能安排！金莎湾农业生态园占地350亩，除了有露营营地，还有无动力儿童乐园、果蔬采摘区、萌宠区等，是丹灶农文旅融合发展的高品质田园综合体。懒人露营??，啥都不用带！套餐参考：4人??烧烤食材+露营装备套餐 ：3986人??烧烤食材+露营装备套餐 ：5384人??烤肉8荤8素食材+露营装备 ：3996人 ??网红烤肉食材+露营装备：6388人??烤肉32荤32素+露营装备套餐：8886人??火锅食材+露营装备套餐：52810人??火锅食材+露营装备套餐：8886人????????围炉煮茶+露营装备 ：388?? 金莎湾农业生态园
在营地外面的可以，营地里面的江边不行?	2024/3/21	绝了??这是在佛山南海区的露营营地	https://www.xiaohongshu.com/explore/65fa6b410000000013024036	小红书吃喝玩乐购	广东	金沙户外休闲运动岛是西北两江交汇形成的良田沃土，岛外水天一色，岛内绿树婆娑。80亩天然草地，独揽北江一线江景！藏在运动岛南海金莎湾农业生态园内的营地将满足你对露营撒野的所有想象。营地是建在森林中的游客栖息地，一年四季如画，多个大型户外天幕和帐篷配有户外餐桌餐椅，团建、聚餐、生日、婚礼都能安排！金莎湾农业生态园占地350亩，除了有露营营地，还有无动力儿童乐园、果蔬采摘区、萌宠区等，是丹灶农文旅融合发展的高品质田园综合体。懒人露营??，啥都不用带！套餐参考：4人??烧烤食材+露营装备套餐 ：3986人??烧烤食材+露营装备套餐 ：5384人??烤肉8荤8素食材+露营装备 ：3996人 ??网红烤肉食材+露营装备：6388人??烤肉32荤32素+露营装备套餐：8886人??火锅食材+露营装备套餐：52810人??火锅食材+露营装备套餐：8886人????????围炉煮茶+露营装备 ：388?? 金莎湾农业生态园
发您了	2024/3/24	绝了??这是在佛山南海区的露营营地	https://www.xiaohongshu.com/explore/65fa6b410000000013024036	小红书吃喝玩乐购	广东	金沙户外休闲运动岛是西北两江交汇形成的良田沃土，岛外水天一色，岛内绿树婆娑。80亩天然草地，独揽北江一线江景！藏在运动岛南海金莎湾农业生态园内的营地将满足你对露营撒野的所有想象。营地是建在森林中的游客栖息地，一年四季如画，多个大型户外天幕和帐篷配有户外餐桌餐椅，团建、聚餐、生日、婚礼都能安排！金莎湾农业生态园占地350亩，除了有露营营地，还有无动力儿童乐园、果蔬采摘区、萌宠区等，是丹灶农文旅融合发展的高品质田园综合体。懒人露营??，啥都不用带！套餐参考：4人??烧烤食材+露营装备套餐 ：3986人??烧烤食材+露营装备套餐 ：5384人??烤肉8荤8素食材+露营装备 ：3996人 ??网红烤肉食材+露营装备：6388人??烤肉32荤32素+露营装备套餐：8886人??火锅食材+露营装备套餐：52810人??火锅食材+露营装备套餐：8886人????????围炉煮茶+露营装备 ：388?? 金莎湾农业生态园
谢谢~[黄金薯R]	2024/3/21	结婚最不后悔的支出，请了一个好的摄影师	https://www.xiaohongshu.com/explore/65f9b48900000000130247a8	摄影师 星星的星	广东	-很多次拍摄结束，都听到客人说“结婚找了你拍真的超级满意，很自然、很真实”的反馈。... 也很多次收到消息，婚期定了可惜星星没有档期了真的很可惜啊...照片呈现的效果真实而不做作，被记录的瞬间都是自然发生的。-很多新人都说我拍的照片看起来幸福感很强，不刻意，也许镜头就是摄影师的眼睛吧，再次翻看照片的时候，还能够感同身受到当天的幸福感。让记忆有迹可循。?-希望大家都能够办一场自己喜欢的婚礼，不用被繁杂的流程给束缚，可以自由自在、快乐的享受婚礼，感受婚礼的意义。也希望大家都能遇到自己风格合拍、审美同频的摄影师
发你[斜眼R]	2024/3/24	老板们问爆??佛山团建HR必码住的宝藏攻略	https://www.xiaohongshu.com/explore/65f90db600000000130244ab	金柠檬文化策划	广东	老板让您安排一个团建，不一定要在室内！??安排一个户外团建，接触大自然，或许是更有新意的选择!??高明旺林这个宝藏露营地，就很适合办户外团建！??-??活动流程9点｜破冰游戏+团建活动11点｜中午用餐14点｜自由活动17点｜星光晚宴19点｜户外星光电影20点｜篝火晚会21点｜集合拍大合照+回程-??美食??露营地内，可进行烤肉??、围炉煮茶??、火锅????还可以安排下午茶、团餐、自助餐、定制餐等众多美食??-??营地亮点??营地内有各种休闲设施！打麻将、桌游，应有尽有～??营地可草坪K歌、看露天电影;也可以观赏各种植物，感受大自然～??还有配备私人影院和ktv的帐篷，可提供过夜~??年会团建、求婚结婚、生日聚会、户外婚礼都可以安排上～??更有许多有趣乐园:1.植物园?? 2.儿童乐园?? 3.四季花园??4.玻璃花园??  5萌宠乐园????#团建策划 #室内团建 #户外团建 #拓展团建 #团建#城市活动超好玩 #活动布置 #户外 #吃喝玩乐#活动方案 #策划方案 #周边游 #广州周边游#公司团建 #户外露营 #佛山旅游 #佛山团建#佛山团建活动 #佛山团建好去处 #佛山团建别墅
效果怎样	2024/3/20	5.17佛山禅城备婚进度	https://www.xiaohongshu.com/explore/65f8dd51000000001203e82f	一粒粒（备婚版）	广东	自从定下日子后 每个周末都在备婚 逛买逛买[捂脸R]主要的都订好啦 还有一些零零碎碎的[赞R]#备婚 #佛山禅城 #婚礼道具 #备婚进度
[捂脸R][捂脸R]已经定了 没办法了	2024/3/20	5.17佛山禅城备婚进度	https://www.xiaohongshu.com/explore/65f8dd51000000001203e82f	一粒粒（备婚版）	广东	自从定下日子后 每个周末都在备婚 逛买逛买[捂脸R]主要的都订好啦 还有一些零零碎碎的[赞R]#备婚 #佛山禅城 #婚礼道具 #备婚进度
恭喜恭喜[偷笑R]我也觉得这天没啥人[捂脸R]	2024/3/20	5.17佛山禅城备婚进度	https://www.xiaohongshu.com/explore/65f8dd51000000001203e82f	一粒粒（备婚版）	广东	自从定下日子后 每个周末都在备婚 逛买逛买[捂脸R]主要的都订好啦 还有一些零零碎碎的[赞R]#备婚 #佛山禅城 #婚礼道具 #备婚进度
嗯呢，那天确实很旺，我们也是算好日子后立马确定酒席的[微笑R]	2024/3/21	11.17 佛山南海备婚进度	https://www.xiaohongshu.com/explore/65f83ac70000000013025475	李可欣	广东	3月初正式确定婚期后，每个周末都奔走在确定婚礼的各种事情上，终于把最大头的几个事情确定了下来，接下来就是正式策划婚礼布置现场阶段啦！[派对R]#备婚 #婚礼
[派对R]	2024/3/21	11.17 佛山南海备婚进度	https://www.xiaohongshu.com/explore/65f83ac70000000013025475	李可欣	广东	3月初正式确定婚期后，每个周末都奔走在确定婚礼的各种事情上，终于把最大头的几个事情确定了下来，接下来就是正式策划婚礼布置现场阶段啦！[派对R]#备婚 #婚礼
不高哟～	2024/3/20	最受欢迎户外婚礼互动环节	https://www.xiaohongshu.com/explore/65f82a390000000012023367	婚礼策划师Meow（禁言版）	广东	【之一】手作香囊准备了十几种香料和空香囊包，宾客根据自己喜欢的味道自制香囊。仪式开始前已经被一抢而空[笑哭R][笑哭R]受众群体最多的居然是平时没什么参与感的长辈[暗中观察R]
来啦[派对R]宝子私我	2024/3/21	最受欢迎户外婚礼互动环节	https://www.xiaohongshu.com/explore/65f82a390000000012023367	婚礼策划师Meow（禁言版）	广东	【之一】手作香囊准备了十几种香料和空香囊包，宾客根据自己喜欢的味道自制香囊。仪式开始前已经被一抢而空[笑哭R][笑哭R]受众群体最多的居然是平时没什么参与感的长辈[暗中观察R]
丝你哈[飞吻R]	2024/3/20	最受欢迎户外婚礼互动环节	https://www.xiaohongshu.com/explore/65f82a390000000012023367	婚礼策划师Meow（禁言版）	广东	【之一】手作香囊准备了十几种香料和空香囊包，宾客根据自己喜欢的味道自制香囊。仪式开始前已经被一抢而空[笑哭R][笑哭R]受众群体最多的居然是平时没什么参与感的长辈[暗中观察R]
四海马术哟亲亲	2024/3/20	胶片???	https://www.xiaohongshu.com/explore/65f6f2b4000000000d00f3f6	简悦婚礼 小懒	广东	去年的婚礼当看到胶片的感觉真的好喜欢??当时只是尝试玩一下胶片??预算充足的姐妹可以考虑一下专业摄影胶片哟会有意外的惊喜#真实婚礼 #婚礼现场 #婚礼 #胶片摄影 #户外婚礼 #氛围感婚礼 #摄影 #胶片写真 #小众婚礼 #试纱日记 #广州户外婚礼 #佛山户外婚礼 #秋色婚礼 #摄影跟拍
亲 有的	2024/3/23	广佛最近需要领证登记跟拍的??过来	https://www.xiaohongshu.com/explore/65f6d66d000000001203ecc2	ＹYo-Yo	广东	随时在线接广佛??婚礼小预算跟拍or领证求婚跟拍，亲子活动周岁跟拍，毕业??成人礼，闺蜜日常探店跟拍等…@山野间（接婚礼跟拍陪拍??本人女摄??@山野间（接陪拍 ??有经验小众审美，性格随和开朗好说话???，会引导动作，提供道具～??常驻广州，佛山，禅城，南海??定金预定档期，底片全返?精修，各位宝子尽量提前沟通预约～小预算的快来～广佛周边???接????路费均实报销～
审美超好的寿星小仙女在这里?	2024/3/25	庄园感晚宴｜春日的草长莺飞和爱意生长	https://www.xiaohongshu.com/explore/6601469b000000000d00d86c	Itsmyday派对布置	广东	在广州！！-广州版的??伯衡55带着春日感的草长莺飞与Frankie的淡然随性美好的画面每一帧都不愿错过-
婚礼派对可以接噢	2024/3/25	庄园感晚宴｜春日的草长莺飞和爱意生长	https://www.xiaohongshu.com/explore/6601469b000000000d00d86c	Itsmyday派对布置	广东	在广州！！-广州版的??伯衡55带着春日感的草长莺飞与Frankie的淡然随性美好的画面每一帧都不愿错过-
[色色R]燕窝真的好好吃 好方便	2024/3/25	2024春季婚礼沙龙 | 春日游园会???	https://www.xiaohongshu.com/explore/65fec3420000000012033748	CHENGJIA诚家一站式婚礼	广东	广州星河湾酒店X诚家婚礼?春季启程，惬意探索春天花事????婚礼沙龙与集市/手作??相结合，有萌宠为伴??????花香肆意飘散，与快乐不期而遇~??鸣谢本次婚礼沙龙优秀合作商家：场地| @广州星河湾物业策划| @CHENGJIA诚家一站式婚礼摄影| @MRiceStudio摄影工作室摄像| @EMP Studio主持| @品悦司仪联盟化妆| @拾米安美学工房-安米娅婚纱| @HolyBridal西装| @匠裁JIANGCAI高级西服定制燕窝|@燕口福汽车|@ 美轮汽车集团-昊铂汽车汽车|@Wcc超跑俱乐部#游园会 #婚礼场地 #婚礼细节 #真实婚礼 #婚礼攻略 #户外婚礼 #活动布置 #结婚
[萌萌哒R][萌萌哒R]	2024/3/22	光是氛围感的来源｜江门婚礼跟拍｜撒落的阳光	https://www.xiaohongshu.com/explore/65fd9880000000001203cf09	??清水	广东	男方家在新会泮月居定的客房可以到泳池边拍照哈，阳光撒落下来氛围感拉满，而且酒店工作人员也很热心哈化妆：@乐禧新娘小蜜（看置顶）摄影：@Venhy梵希影像（看置顶）场地：@泮月居民宿#胶片婚礼 #婚礼外景 #氛围感婚礼 #婚礼跟拍 #婚礼纪实 #真实婚礼 #婚礼 #结婚 #江门鹤山台山开平恩平婚礼跟拍 #婚礼 #婚礼摄影 #真实婚礼 #婚礼纪实 #小众婚礼#纪实婚礼摄影 #纪实婚礼跟拍 #广州婚礼 #广州婚礼跟拍 #佛山婚礼 #佛山婚礼跟拍 #胶片风婚礼 #全国婚礼跟拍#梵希影像
[飞吻R]	2024/3/24	广州婚礼场地推荐｜Fullhills 满山丘	https://www.xiaohongshu.com/explore/65fd5dcf0000000012030f74	姚了我吧	广东	
怎么没看到你发？终于宠幸你是不是？阿哈哈？	2024/3/21	早春雨季的户外婚礼Look	https://www.xiaohongshu.com/explore/65fc38890000000012034df5	化妆师JAZZ	广东	Halo ，我系化妆师jazz广东早春的特征就是下雨回南天春天就是万物生长的季节，一切素材源于自然-虽然婚礼当天准备啦假花，但是都不及场地的鲜花好看有时候婚礼的造型真的是唯一的，当天花材都是我在婚礼现场的庭院直接采摘，直接使用，直接做造型都是新娘独一无二的美啊-这是一场属于下雨天独美的婚礼#户外婚礼跟妆 #户外婚礼鲜花造型 #婚礼造型 #户外婚礼造型 #新娘造型 #户外新娘造型 #婚礼跟妆 #新娘跟妆 #广州 #化妆师
有，看工作花絮后面 a d d	2024/3/23	早春雨季的户外婚礼Look	https://www.xiaohongshu.com/explore/65fc38890000000012034df5	化妆师JAZZ	广东	Halo ，我系化妆师jazz广东早春的特征就是下雨回南天春天就是万物生长的季节，一切素材源于自然-虽然婚礼当天准备啦假花，但是都不及场地的鲜花好看有时候婚礼的造型真的是唯一的，当天花材都是我在婚礼现场的庭院直接采摘，直接使用，直接做造型都是新娘独一无二的美啊-这是一场属于下雨天独美的婚礼#户外婚礼跟妆 #户外婚礼鲜花造型 #婚礼造型 #户外婚礼造型 #新娘造型 #户外新娘造型 #婚礼跟妆 #新娘跟妆 #广州 #化妆师
阿哈哈哈哈哈！谢谢呢	2024/3/22	早春雨季的户外婚礼Look	https://www.xiaohongshu.com/explore/65fc38890000000012034df5	化妆师JAZZ	广东	Halo ，我系化妆师jazz广东早春的特征就是下雨回南天春天就是万物生长的季节，一切素材源于自然-虽然婚礼当天准备啦假花，但是都不及场地的鲜花好看有时候婚礼的造型真的是唯一的，当天花材都是我在婚礼现场的庭院直接采摘，直接使用，直接做造型都是新娘独一无二的美啊-这是一场属于下雨天独美的婚礼#户外婚礼跟妆 #户外婚礼鲜花造型 #婚礼造型 #户外婚礼造型 #新娘造型 #户外新娘造型 #婚礼跟妆 #新娘跟妆 #广州 #化妆师
整个场景布置的也都挺不错的[赞R]	2024/3/21	佛山华南唯爱婚礼策划姐妹们真的可以去了解	https://www.xiaohongshu.com/explore/65fc3b750000000013024304	哇哈哈俱乐部老板	广东	家人们，一定要给大家分享一下佛山华南唯爱婚礼策划！????@佛山华南唯爱婚礼策划他们真的太棒了，创意和执行都是一流的，给了我们一场梦幻般的婚礼！??场地布置得美轮美奂，每一个细节都让人惊艳，完全就是我梦想中的婚礼场景！??工作人员的服务也非常周到，从策划到执行都全程跟进，让我们特别舒心！??价格也非常实惠，性价比超高，让我们在预算内拥有了一场完美的婚礼！真心推荐给大家，选择佛山唯爱婚礼策划，绝对不会让你失望！??#佛山婚礼策划 #佛山婚礼策划推荐 #佛山婚礼策划哪家好 #佛山婚庆 #深圳婚礼策划 #广州婚礼策划 #备婚 #唯爱婚礼策划
发您 看下消息	2024/3/25	惠州！和朋友住了8次的海景别墅！谁懂??	https://www.xiaohongshu.com/explore/65fc32c90000000012037ad5	西瓜瓜旅行记	广东	我不允许还有人不知道这么浪漫的海景别墅??！在房间里就能欣赏海景日出??出门即沙滩！在这里看着蓝天大海??，开烧烤轰趴??、K歌??、搓麻将??，度假就是要这样才好玩！??-??地址：惠州巽寮湾凤池岛??路程：广深出发约2h??达??适合：公司团建、家庭出游、聚会轰趴-??民宿亮点??出门即大海??，随时随地可以去海滩游玩~，欣赏绝美海景??.??海景客房??，在房间里欣赏蓝天大海，实现睁眼见海的梦想??.??海景庭院??，拥有海景无边泳池??，在这里开烧烤轰趴??喝几杯小酒??，所有工作的有疲惫都被一扫而空??～.??ktv室??+棋牌室??+桌球??+麻将??+游戏机??，在这里一整天不出门都不会无聊??！-??民宿配置自助麻将??｜自助烧烤??｜专业KTV??观景天台??｜庭院花园??｜多功能厅??天际泳池??｜私家车位??｜幻彩咖啡厅??-??周边游玩?海龟湾?天后宫?惠州小镰仓#周末去哪儿#沙滩 #周末去哪儿 #一线海景房#发现宝藏民宿 #民宿 #惠州 #惠州旅行 #海边 #海景房 #别墅 #一线海景房 #周边游 #周末去哪儿 #周末探店 #广州团建 #拓展团建 #户外团建 #海景民宿 #团建民宿 #巽寮湾 #惠州巽寮湾 #巽寮湾攻略 #巽寮湾旅行#惠州巽寮湾 #巽寮湾攻略 #巽寮湾别墅 #惠州海边旅游 #惠州海边 #海景别墅 #巽寮湾 #惠州旅行 #惠州民宿 #泳池别墅 #别墅轰趴 #沙滩 #惠州团建别墅 #广东团建 #小场地婚礼 #亲子游 #遛娃好去处 #五一去哪玩
谢谢[微笑R]	2024/3/21	广州探店｜有时庭院?浪漫的南法风情咖啡厅	https://www.xiaohongshu.com/explore/65fc0c3a0000000012037158	小婷去边度	广东	-超温柔超浪漫南法风情独栋小别墅咖啡厅很适合和小姐妹一起下午茶聚会??室内布置很法式复古 每个角落都很好看很精致还有不同的花花布置 真的超好拍超出片-??蜜桃格子很粉嫩很好看 蜜桃口味微微甜慕斯口感很轻盈细滑 好吃不腻??“小萄气鬼”是葡萄+柠檬+气泡水真的太爱和葡萄有关的一切啦 真的很清爽唉味道酸酸甜甜但还是偏甜一点 安利安利??西柚果汁微微涩但会回甜 满杯清爽在这段时间闷热的广州来一杯这样冰冰凉凉的果汁真的不要太快乐 不爱甜的可以放心冲整体饮品和蛋糕出品都很精致 味道也不错??-整个环境空间真的很不错
是的呀	2024/3/22	广州探店｜有时庭院?浪漫的南法风情咖啡厅	https://www.xiaohongshu.com/explore/65fc0c3a0000000012037158	小婷去边度	广东	-超温柔超浪漫南法风情独栋小别墅咖啡厅很适合和小姐妹一起下午茶聚会??室内布置很法式复古 每个角落都很好看很精致还有不同的花花布置 真的超好拍超出片-??蜜桃格子很粉嫩很好看 蜜桃口味微微甜慕斯口感很轻盈细滑 好吃不腻??“小萄气鬼”是葡萄+柠檬+气泡水真的太爱和葡萄有关的一切啦 真的很清爽唉味道酸酸甜甜但还是偏甜一点 安利安利??西柚果汁微微涩但会回甜 满杯清爽在这段时间闷热的广州来一杯这样冰冰凉凉的果汁真的不要太快乐 不爱甜的可以放心冲整体饮品和蛋糕出品都很精致 味道也不错??-整个环境空间真的很不错
我是新上线的超有爱小编，此马甲Virginia管不了，管不了，hhhh[偷笑R][偷笑R]	2024/3/22	超有爱 | 戈壁中的花海，遇见深藏的浪漫	https://www.xiaohongshu.com/explore/65fbf9ef0000000014006925	超有爱婚礼制造	广东	一场与众不同的婚礼，一场只属于真正爱情冒险者的盛典???????来回KITCHEN：历史的怀旧仓库，沉淀着岁月的故事。属于我们心中的秘境，每一块砖，每一片木，都诉说着过往的辉煌，如今，它们又见证了一段美好的爱情。??戈壁中的花海：在这片看似贫瘠又废旧的场地里，我们种下了爱的种子，绽放出一片片花海，就像是深藏的浪漫，突然间的绽放。这，不仅仅是一场婚礼，是一种幸运，一种救赎，是我们在人生旅途中最美的遇见...??婚礼形式-小众婚礼：不追求传统，不拘泥于常规，我们最终选择在旧仓库办一场特别的婚礼，因为我们相信，真正的爱情，就像戈壁中的花海，独一无二，不可复制。我们不仅仅是寻求刺激，更是在寻找属于我们自己的故事。??在这片戈壁的花海中，我遇到了你，你是我冒险旅程中最美丽的风景，是我心中永远的秘境。在这里，我们许下了对彼此的承诺，这份承诺，如同这片花海一样，将会永远盛开在我们的心中????#超有爱婚礼策划 #婚礼 #婚礼策划 #广州婚礼策划 #婚礼布置 #广州婚礼布置 #来回KITCHEN # #小众婚礼#创意婚礼?#我的走心婚礼?#婚礼灵感?#真实婚礼?#婚礼现场#婚礼花艺#创意策划#广州策划#策划公司#备婚#浪漫生活的记录者 @视频薯 @小红书创作助手 @小红书REDesign
原来是去年的婚礼，那这个策划师的确是很紧跟潮流的感觉[害羞R]	2024/3/22	我发现，古灵精怪的新娘???，都喜欢...	https://www.xiaohongshu.com/explore/65fbf0eb0000000012020ee5	婚礼策划Virginia	广东	??超有态度的婚礼留影区布置！????超高4米5??多巴胺??超粗毛呢??全手工编织背景墙????展现内心丰富的色彩超???超粉的大大大大气球爱心?????搭配一句ZZZZ最能贴近内心的独白????表达对爱的人生态度古灵精怪的你们，喜欢这样的布置嘛？#超有爱婚礼策划x?#来回KITCHEN?#婚礼场地?#广州婚礼?#室内婚礼?#婚礼?#仓库婚礼?#婚礼布置?#广州婚礼布置?#婚礼互动?#浪漫生活的记录者?#婚礼花艺??#小众婚礼?#创意婚礼??#我的走心婚礼?#婚礼灵感?#真实婚礼?#婚礼现场@视频薯 ?@生活薯
私您啦	2024/3/23	广州番禺区的备婚姐妹速看?	https://www.xiaohongshu.com/explore/65fbda580000000012020dd1	CHENGJIA诚家一站式婚礼	广东	欧式宫廷风满满的广州星河湾酒店??地址：番禺区番禺大道北1号??酒店亮点：1??酒店风格??欧洲宫廷气息以及雅致时尚之韵味于一体，出片率100分！3??具有1000平方米的国际会议中心全场无柱设计，视野开拓，且可分割多个会议厅使用，会议及宴会必选！酒店处于广州新中央商务区番禺CBD及长隆旅游板块黄金地段，环境优美、交通便捷，轻松往返各大旅游圣地及各大展览场地~无论婚宴及年会活动等都很适宜！酒店富丽堂皇的装修风格更能实现新人的专属梦幻婚礼??！宴会厅介绍：?国际会议中心-全厅层高：7m/无柱面积：1000平方容纳桌数：38-60桌?金牛座/人马座/天枰座/双子座/宝瓶座/狮子座会议室层高：3m/无柱面积：55-135平方容纳桌数：3-7桌?多功能影视厅层高：3m/无柱面积：185平方容纳桌数：80人??今天的备婚指南分享到这里啦~~各位有想要了解的婚礼场地及其他信息都可@诚家婚礼噢~我们将持续更新，把更加实用的备婚干货分享给大家?
谢谢哈哈哈哈	2024/3/21	摄影师总结｜户外婚礼要怎么筹备才能出片？	https://www.xiaohongshu.com/explore/65fbd9dd00000000120374a9	摄影师 星星的星	广东	??很多姐妹想办户外婚礼，但总是担心效果不好，也不知道怎样挑选服装才能更出片，星星帮大家总结了2点，看完就知道怎么筹备啦！??户外婚礼出片好看&高级的2个重点：1.婚礼场地环境好/草坪质量好，背景统一不穿帮。2.婚纱款式简约轻便，宾客们dress code同一色系。展开说说：??草坪环境好这个很好理解，草地平整，不要坑坑洼洼的，不然穿高跟鞋走路会很难走，比较优质的户外婚礼场地草坪都是有专人打理维护的，还有就是背景不要建筑物穿帮会更加分哦。??婚纱选择轻婚纱蕞佳，避免户外婚礼选择blingbling的主纱，不然裙摆太长&太重会非常损耗体力，而且在草坪拍出来也不好看，选择缎面或者比较细腻的面料，款式选择简约款或者是比较有设计感的款式很nice，无拖尾或者是小拖尾都非常适合。??婚礼邀请上提醒宾客们dress code，可以提前想好婚礼布置会出现的颜色，让大家配合一下服装色系，这样拍照呈现的效果也会棒！随手一拍都是色调和谐的画面。-蕞后，选择摄影师也非常非常的重要，风格合拍、输出稳定都需要重点看哦，千万不能只看价格～?我是摄影师星星，经常会分享一些从摄影师角度出发的总结小经验～欢迎常来看哦～??:@摄影师 星星的星#广州婚礼跟拍 #广州户外婚礼 #佛山婚礼跟拍 #佛山户外婚礼 #深圳婚礼跟拍 #深圳户外婚礼 #婚礼攻略 #户外婚礼
谢谢包子[飞吻R]	2024/3/22	摄影师总结｜户外婚礼要怎么筹备才能出片？	https://www.xiaohongshu.com/explore/65fbd9dd00000000120374a9	摄影师 星星的星	广东	??很多姐妹想办户外婚礼，但总是担心效果不好，也不知道怎样挑选服装才能更出片，星星帮大家总结了2点，看完就知道怎么筹备啦！??户外婚礼出片好看&高级的2个重点：1.婚礼场地环境好/草坪质量好，背景统一不穿帮。2.婚纱款式简约轻便，宾客们dress code同一色系。展开说说：??草坪环境好这个很好理解，草地平整，不要坑坑洼洼的，不然穿高跟鞋走路会很难走，比较优质的户外婚礼场地草坪都是有专人打理维护的，还有就是背景不要建筑物穿帮会更加分哦。??婚纱选择轻婚纱蕞佳，避免户外婚礼选择blingbling的主纱，不然裙摆太长&太重会非常损耗体力，而且在草坪拍出来也不好看，选择缎面或者比较细腻的面料，款式选择简约款或者是比较有设计感的款式很nice，无拖尾或者是小拖尾都非常适合。??婚礼邀请上提醒宾客们dress code，可以提前想好婚礼布置会出现的颜色，让大家配合一下服装色系，这样拍照呈现的效果也会棒！随手一拍都是色调和谐的画面。-蕞后，选择摄影师也非常非常的重要，风格合拍、输出稳定都需要重点看哦，千万不能只看价格～?我是摄影师星星，经常会分享一些从摄影师角度出发的总结小经验～欢迎常来看哦～??:@摄影师 星星的星#广州婚礼跟拍 #广州户外婚礼 #佛山婚礼跟拍 #佛山户外婚礼 #深圳婚礼跟拍 #深圳户外婚礼 #婚礼攻略 #户外婚礼
[doge][doge][doge]好！！！	2024/3/23	国乙委托的天台草坪婚礼有没有感兴趣的??	https://www.xiaohongshu.com/explore/65fba8cb0000000014004169	NO.W屋面的格洛洛	广东	不知道玩国乙的姐妹有没有对搞委托私人婚礼感兴趣的哈哈哈哈哈??搞个真的婚礼场地吧又有点夸张，但是又好想试试和喜欢的纸片人们结婚哦(??ω?`)所以不如我们这边固定搞个这个纸片人婚礼板块吧（就是带真的婚礼仪式和嘉宾自助餐或者茶歇的那种哈哈哈哈哈哈哈哈?(//////)来问问有没有对这个国乙板块的婚礼活动感兴趣的姐妹，以及有没有更好玩的意见都可以提一下！? ????我们这边也在寻思着给二次元人们和国乙姐妹们带来更好的！屋面天台体验！?( ?｀)?所以希望大家给我点小小的回复捏！??#国乙 #二次元 #广州国乙only婚礼场 #国乙婚礼 #二次元婚礼 #二次元婚礼布置 #私人草坪 #二次元 #广州屋面艺术中心
(*ˉ帷*)快！选一个类型！搞起来！	2024/3/21	国乙委托的天台草坪婚礼有没有感兴趣的??	https://www.xiaohongshu.com/explore/65fba8cb0000000014004169	NO.W屋面的格洛洛	广东	不知道玩国乙的姐妹有没有对搞委托私人婚礼感兴趣的哈哈哈哈哈??搞个真的婚礼场地吧又有点夸张，但是又好想试试和喜欢的纸片人们结婚哦(??ω?`)所以不如我们这边固定搞个这个纸片人婚礼板块吧（就是带真的婚礼仪式和嘉宾自助餐或者茶歇的那种哈哈哈哈哈哈哈哈?(//////)来问问有没有对这个国乙板块的婚礼活动感兴趣的姐妹，以及有没有更好玩的意见都可以提一下！? ????我们这边也在寻思着给二次元人们和国乙姐妹们带来更好的！屋面天台体验！?( ?｀)?所以希望大家给我点小小的回复捏！??#国乙 #二次元 #广州国乙only婚礼场 #国乙婚礼 #二次元婚礼 #二次元婚礼布置 #私人草坪 #二次元 #广州屋面艺术中心
可以来玩哦[偷笑R]	2024/3/20	太爱了，这别墅太浪漫????	https://www.xiaohongshu.com/explore/65faa6690000000014004cbc	增城锦绣香江温泉.甜小小	广东	"想到浪漫满屋，我只想到这一栋独栋别墅??，该怎么形容这套洛可罗南风别墅呢?除了大，豪华不失独特、时尚、品味，浪漫且好玩，来了都舍不得出门??。给大家介绍一下吧??…??别墅是18房34床，别墅我称它为法式庄园，浪漫满屋，浪漫游乐场??，是非常适合做1??婚礼场地??2??直播拍摄??3??家庭聚会??4??公司团建等等～??进门大客厅，落地玻璃窗外映入绿油油的草地，令人感到放松舒适，法式沙发，饰品摆件和配色尽显高雅和浪漫。??大大的开放式厨房，免费提供冰箱，炉具，餐具??使用后自行清理，餐厅可容纳30人????专业独立的ktv,所有设备都是顶级配备，可欢唱通宵????独一无二花花影视厅，播放各种电影????麻将桌??3，团队来了也不怕没位置自摸lor????桌球??、游戏机??，桌上冰球???，德州扑克??等～??部门房间有阳台泡池/房间室内泡池????私家庭院，游泳池???♀?，泡池??，属于您的一方天地，停下来享受森林氧吧??18套房，每间房间配色不一，尽显独特，美丽，精致的石雕搭配，优雅拱形，让你仿佛置身外国…太美太浪漫，不知怎么形容贴切，喜欢的朋友们可以过来亲身验证????????酒店园区还有萌宠乐园内有山羊??，兔子??，梅花鹿??等小动物观赏，晚上可到营地市集观看表演游玩等…??吃饭可以自己下厨也可到周边农庄吃农家菜，这边的烧鸡和竹筒菜品都很好吃，很出名。??周边游玩：山地越野车??，直升飞机体验??，田园季节摘果??，白水寨风景瀑布名胜区??，大丰门景区??等…              详细介绍或预定可私聊小姐姐??，希望大家喜欢??"
来玩[抱拳R]	2024/3/20	太爱了，这别墅太浪漫????	https://www.xiaohongshu.com/explore/65faa6690000000014004cbc	增城锦绣香江温泉.甜小小	广东	"想到浪漫满屋，我只想到这一栋独栋别墅??，该怎么形容这套洛可罗南风别墅呢?除了大，豪华不失独特、时尚、品味，浪漫且好玩，来了都舍不得出门??。给大家介绍一下吧??…??别墅是18房34床，别墅我称它为法式庄园，浪漫满屋，浪漫游乐场??，是非常适合做1??婚礼场地??2??直播拍摄??3??家庭聚会??4??公司团建等等～??进门大客厅，落地玻璃窗外映入绿油油的草地，令人感到放松舒适，法式沙发，饰品摆件和配色尽显高雅和浪漫。??大大的开放式厨房，免费提供冰箱，炉具，餐具??使用后自行清理，餐厅可容纳30人????专业独立的ktv,所有设备都是顶级配备，可欢唱通宵????独一无二花花影视厅，播放各种电影????麻将桌??3，团队来了也不怕没位置自摸lor????桌球??、游戏机??，桌上冰球???，德州扑克??等～??部门房间有阳台泡池/房间室内泡池????私家庭院，游泳池???♀?，泡池??，属于您的一方天地，停下来享受森林氧吧??18套房，每间房间配色不一，尽显独特，美丽，精致的石雕搭配，优雅拱形，让你仿佛置身外国…太美太浪漫，不知怎么形容贴切，喜欢的朋友们可以过来亲身验证????????酒店园区还有萌宠乐园内有山羊??，兔子??，梅花鹿??等小动物观赏，晚上可到营地市集观看表演游玩等…??吃饭可以自己下厨也可到周边农庄吃农家菜，这边的烧鸡和竹筒菜品都很好吃，很出名。??周边游玩：山地越野车??，直升飞机体验??，田园季节摘果??，白水寨风景瀑布名胜区??，大丰门景区??等…              详细介绍或预定可私聊小姐姐??，希望大家喜欢??"
[害羞R][害羞R][害羞R]	2024/3/25	有趣的婚礼的秘密在于..这些大大的‘小心思’	https://www.xiaohongshu.com/explore/65faa2bf0000000012022fbf	婚礼策划Virginia	广东	互动1???大合照签名牌来宾到达现场，在相册边签上自己的个性签名，婚礼结束后，将婚礼上少不了的大合照放在中间。来宾的名字围绕着当天的大合照，是当天婚礼的见证印迹，也是给新人的祝福和礼物，婚礼结束，新人就将这一份满满祝福带回家作为纪念?????互动2??婚礼纹身贴来宾选取一张喜欢的婚礼Slogan???贴在手臂展示，作为这场婚礼特别的参与者，表达自己对新人的特别的祝福之外?，关键！！！拍照也好好看呀~~~?????互动3??DIY扩香伴手礼。在香料区，根据喜爱的颜色，抓一把扩香石?喜欢的香味???，创造一个属于当天婚礼的味道，留住当天美好记忆。也作为新人给来宾的伴手礼，让来宾参与感满满！互动4??：?麻将席位卡。爱打麻将的看到都想拉着领座来个对对碰！将麻将和席位卡结合，来宾到达后，找到属于自己的?????，找到属于自己的位置～????在婚礼上给来宾不经意的创意互动，是新人对于来宾到场的感谢，对于来宾，也是具深刻记忆的体验哦，你觉得呢？~#超有爱婚礼策划?#来回KITCHEN?#婚礼场地?#广州婚礼?#室内婚礼?#婚礼?#仓库婚礼?#婚礼互动?#婚礼签到?#创意签到?#互动签到?#浪漫生活的记录者?#婚礼花艺?#婚礼布置?#广州婚礼布置?#小众婚礼?#创意婚礼??#我的走心婚礼?#婚礼灵感?#真实婚礼?#婚礼现场@视频薯 ?@生活薯
[大笑R]是帮助新人带位哒，找到自己名字对应的麻将就可以知道自己的座位在哪里～	2024/3/25	有趣的婚礼的秘密在于..这些大大的‘小心思’	https://www.xiaohongshu.com/explore/65faa2bf0000000012022fbf	婚礼策划Virginia	广东	互动1???大合照签名牌来宾到达现场，在相册边签上自己的个性签名，婚礼结束后，将婚礼上少不了的大合照放在中间。来宾的名字围绕着当天的大合照，是当天婚礼的见证印迹，也是给新人的祝福和礼物，婚礼结束，新人就将这一份满满祝福带回家作为纪念?????互动2??婚礼纹身贴来宾选取一张喜欢的婚礼Slogan???贴在手臂展示，作为这场婚礼特别的参与者，表达自己对新人的特别的祝福之外?，关键！！！拍照也好好看呀~~~?????互动3??DIY扩香伴手礼。在香料区，根据喜爱的颜色，抓一把扩香石?喜欢的香味???，创造一个属于当天婚礼的味道，留住当天美好记忆。也作为新人给来宾的伴手礼，让来宾参与感满满！互动4??：?麻将席位卡。爱打麻将的看到都想拉着领座来个对对碰！将麻将和席位卡结合，来宾到达后，找到属于自己的?????，找到属于自己的位置～????在婚礼上给来宾不经意的创意互动，是新人对于来宾到场的感谢，对于来宾，也是具深刻记忆的体验哦，你觉得呢？~#超有爱婚礼策划?#来回KITCHEN?#婚礼场地?#广州婚礼?#室内婚礼?#婚礼?#仓库婚礼?#婚礼互动?#婚礼签到?#创意签到?#互动签到?#浪漫生活的记录者?#婚礼花艺?#婚礼布置?#广州婚礼布置?#小众婚礼?#创意婚礼??#我的走心婚礼?#婚礼灵感?#真实婚礼?#婚礼现场@视频薯 ?@生活薯
[飞吻R]	2024/3/25	有趣的婚礼的秘密在于..这些大大的‘小心思’	https://www.xiaohongshu.com/explore/65faa2bf0000000012022fbf	婚礼策划Virginia	广东	互动1???大合照签名牌来宾到达现场，在相册边签上自己的个性签名，婚礼结束后，将婚礼上少不了的大合照放在中间。来宾的名字围绕着当天的大合照，是当天婚礼的见证印迹，也是给新人的祝福和礼物，婚礼结束，新人就将这一份满满祝福带回家作为纪念?????互动2??婚礼纹身贴来宾选取一张喜欢的婚礼Slogan???贴在手臂展示，作为这场婚礼特别的参与者，表达自己对新人的特别的祝福之外?，关键！！！拍照也好好看呀~~~?????互动3??DIY扩香伴手礼。在香料区，根据喜爱的颜色，抓一把扩香石?喜欢的香味???，创造一个属于当天婚礼的味道，留住当天美好记忆。也作为新人给来宾的伴手礼，让来宾参与感满满！互动4??：?麻将席位卡。爱打麻将的看到都想拉着领座来个对对碰！将麻将和席位卡结合，来宾到达后，找到属于自己的?????，找到属于自己的位置～????在婚礼上给来宾不经意的创意互动，是新人对于来宾到场的感谢，对于来宾，也是具深刻记忆的体验哦，你觉得呢？~#超有爱婚礼策划?#来回KITCHEN?#婚礼场地?#广州婚礼?#室内婚礼?#婚礼?#仓库婚礼?#婚礼互动?#婚礼签到?#创意签到?#互动签到?#浪漫生活的记录者?#婚礼花艺?#婚礼布置?#广州婚礼布置?#小众婚礼?#创意婚礼??#我的走心婚礼?#婚礼灵感?#真实婚礼?#婚礼现场@视频薯 ?@生活薯
有呀	2024/3/24	终于有人把广州婚宴酒店和菜单价格说明白了	https://www.xiaohongshu.com/explore/65f9840c000000000d00d9fe	小宴婚宴预定	广东	2024年广州婚礼场地如何选？??宴哥整理了一期适配所有备婚小白的广州婚宴酒店攻略????，一图就能看懂！有需要的赶紧?+?，以防走丢~・????先了解自己倾向的区域有哪些酒店????再从预算里找到合适的，简单快速省时间越秀、荔湾、天河、白云、番禺……从性价比到轻奢都涵盖到了，图2-4有详细记录笔记篇幅有限，没写到的区域下期再更新啦~・?????♀宴哥可提供：? 查询广州婚宴酒店档期? 了解广州婚宴场地详细信息? 获取广州各区域婚宴酒店? 获取广州各类型婚礼场地? ??广州婚宴菜单近期报??・价格信息有时效性，看上请速去厚苔DD喜欢宴哥的分享，记得Guan??哦~想看更多场地信息，评论区留言・#婚礼 #广州婚礼 #广州婚宴 #广州酒店推荐 #广州户外 #广州草坪 #广州婚礼酒店 #广州五星级酒店 #广州一站式婚礼 #广州性价比婚礼 #广州小预算婚礼
好的亲，看看丝芯哦	2024/3/22	哭了，这真的是普通人可以拥有的婚礼吗！	https://www.xiaohongshu.com/explore/65f9678200000000120235d9	美悦盛宴婚礼艺术中心	广东	“娶到心爱的女孩，像打了一场胜仗”??今天分享的这场婚礼，不仅现场美到了我心巴上??新娘的出片率也把我惊艳到了??・??婚礼主题：<深海秘境>海洋主题婚礼??婚礼风格：梦幻 童话 海洋风・接亲作为婚礼当天的第一个环节必须狠狠记录起来??有镜头尴尬症的宝贝们可以参考这位新娘的拍照姿势再配上一些辅助道具??出片率简直不要太高・婚宴在亚特兰蒂斯深海秘境厅进行融入蓝鲸、水母、城堡与珊瑚等元素??营造出梦境与现实交错的氛围新郎牵起新娘手的瞬间宛如一位打了胜仗的勇士??这一刻 幸福的感觉被具象化当深海奏鸣曲响起?海神波塞冬将对他们施下幸福的魔法??・最后~想和伴郎伴娘拍大合照的宝子，一定要记得提前跟摄影师沟通好~文案已经帮你们准备好啦：最好的朋友就在身边，最爱的人就在眼前?・??想get同款，可以选择我们??@美悦盛宴婚礼艺术中心??广州-佛山-深圳线下均有门店??婚宴场地、摄影摄像、化妆主持团队，全程一条龙服务??资深婚礼策划师，1v1量身打造专属婚礼流程??震撼婚礼秀+婚前探店服务，提前现场体验??沉浸式宴会厅，可容纳4-42桌・评论区回复“1”，获取婚礼场地信息评论区回复“2”，获取婚礼价目表.
广州	2024/3/21	广州适合30/200人培训会议场地	https://www.xiaohongshu.com/explore/65f9669a00000000120223ab	做个地道珠海人	广东	"酒店会场：220/平（酒店总共16间会场）会场层高：3.5米（高）会场课桌：140/人会场剧院：200/人会场分组：150/人酒店客房：312/间会场：方正无柱，配备高清LED，适合美业/培训会/招商会 年会，答谢会，论坛，新品发布会酒店位置：酒店位于天河区中心，面向风光秀丽景色迷人的白云山。酒店采用法国著名 "" 凡尔赛 "" 艺术风格；宫殿式大堂，流光溢彩，极尽繁华尊贵，尽显皇者气派。酒店凯旋宫高 25 层 , 拥有大中小会议厅：国际厅、皇宫殿、太和殿、保和殿、皇廷1、皇廷2,共16间会议业务范围：专注全国会议酒店预订，场地预订，活动策划，灯光舞美，宴会订餐。#婚礼攻略 #真实婚礼 #活动布置 #婚礼 #会议场地 #会场 #广州酒店 #广州会场 #活动策划 #讲座 #招商会 #教育培训会"
亲 请看个签客服号呢	2024/3/20	广州户外花园婚礼现场	https://www.xiaohongshu.com/explore/65f9545a000000001203525e	V-valley003	广东	广州户外花园婚礼现场 幸福时刻#广州摄影基地 #广州影视基地 #广州新晋摄影基地 #广州摄影 #有爱的角落 #浪漫生活的记录者 #广州户外婚礼#花园 #广州户外婚礼场地
嘻嘻[偷笑R][飞吻R][飞吻R]	2024/3/22	春和景明 | 浪漫美好的瞬间传颂着春日意象	https://www.xiaohongshu.com/explore/65f94d4d00000000120379b8	广州汇爱婚礼	广东	「春和景明・四季有时」??春光作序借景于自然界美妙的造物让我们停下忙碌的脚步聆听耳畔传来的春和漫溯造访这片静谧的纯粹之境??轻纱幔落打造一场东方韵味的浪漫春日时分渐染的色彩鸢尾花与蝴蝶兰点缀其中叠嶂与繁花相映构筑唯美清新的东方美学之旅??婚礼策划：@广州汇爱婚礼活动场地：@广州四季酒店婚纱礼服：@SHINE MODA摄影团队：@StudioAbout摄影团队：@MaphiarPicture摄像团队：@GoldenLove婚礼影像主        持：@婚礼主持-大痣彩妆造型：@SEE-MAKEUP喜        饼：@荣华・嫁女直活动花艺：@Bloemen Huis#汇爱婚礼 #广州汇爱婚礼 #广州婚礼策划 #广州婚礼 #婚礼场地分享 #婚礼秀 #2024春季婚礼秀 #婚礼酒店 #中式美学 #东方美学 #宴会厅婚礼 #广州四季酒店婚礼秀
在楼梯上拍了吗[偷笑R]	2024/3/20	在广州像是住进了婚礼场地～	https://www.xiaohongshu.com/explore/65f9075c000000001203088d	晓时光与月	广东	??公主的下午茶要开动啦～…真的！这里很适合结芬，又有??又有咖啡??可以很适合和另外一半聊天??有小三层楼，还有旋转楼梯??复古感又带了点小清新，特别好拍，下次应该穿个拖尾婚纱来哈哈哈????和朋友点了个4寸巴斯克，蛋糕是低糖版的，糕体紧实。上面有超级多水果??没有任何果酱啊！！真的很难不喜欢????一大面面包墙，早餐也可以吃三文治和可颂，价格超级实惠呀??立马购入5件+??IN MOMENTS在场#婚礼场地 #氛围感餐厅 #cake #广州下午茶 #广州美食 #COTD咖啡探店 #周末去哪儿 #复古油画感裙子 #复古风拍照 #广州拍照 #广州早餐 #可颂面包 #可颂三文治
可精致啦[偷笑R][偷笑R]太好吃咯	2024/3/21	在广州像是住进了婚礼场地～	https://www.xiaohongshu.com/explore/65f9075c000000001203088d	晓时光与月	广东	??公主的下午茶要开动啦～…真的！这里很适合结芬，又有??又有咖啡??可以很适合和另外一半聊天??有小三层楼，还有旋转楼梯??复古感又带了点小清新，特别好拍，下次应该穿个拖尾婚纱来哈哈哈????和朋友点了个4寸巴斯克，蛋糕是低糖版的，糕体紧实。上面有超级多水果??没有任何果酱啊！！真的很难不喜欢????一大面面包墙，早餐也可以吃三文治和可颂，价格超级实惠呀??立马购入5件+??IN MOMENTS在场#婚礼场地 #氛围感餐厅 #cake #广州下午茶 #广州美食 #COTD咖啡探店 #周末去哪儿 #复古油画感裙子 #复古风拍照 #广州拍照 #广州早餐 #可颂面包 #可颂三文治
本场策划老师欢迎欢迎[派对R][派对R][派对R]	2024/3/24	你我之间 放过最美的烟花	https://www.xiaohongshu.com/explore/65f8cf7d00000000120215f0	一粒米	广东	我们会在婚礼的晚宴上，放属于我们的烟花。烟花绽放的刹那，极其绚烂，但其实它很快会消失，所以才要和你一起看。即便记忆消退，忘记烟花什么样子，不知道升空的烟火是扁还是圆，不记得他的形状和颜色，可那又有什么关系呢，我会永远记得在我们婚礼上，一起看烟花的那个夜晚。策划：@几立婚礼场地：@郑州禧柿小院化妆：@DIDI Makeup Studio服装：@CANAAN ATELIER迦南婚纱西服：@MeiSheng制衣主持：@姜・文婚礼主持工作室客服灯光：@天青舞美郭帅#郑州婚礼#婚礼晚宴 #婚礼跟拍 #郑州婚礼跟拍 #洛阳婚礼跟拍 #西安婚礼跟拍 #上海婚礼跟拍 #广州婚礼跟拍 #成都婚礼跟拍 #杭州婚礼跟拍 #长沙婚礼跟拍 #南京婚礼跟拍 #武汉婚礼跟拍 #厦门婚礼跟拍 #北京婚礼跟拍 #重庆婚礼跟拍 #连云港婚礼跟拍
可以??	2024/3/23	佛山|人均120+实现高级感满满的团建自助餐	https://www.xiaohongshu.com/explore/65faa9020000000014006e92	翌喜餐饮到烩	广东	大家出去团建????是不是都很惆怅吃什么呢??100人的自助餐，更加是众口难调??想要多样性??，还要味道??有保障？那么??自助餐上门的形式，是一个不错的选择！客户定了场地??，但是场地不包餐食??，所以找到了我们??，希望我们能够提供一场100人的自助餐！??通过沟通，确定了年会的主题是港风，颜色以红色??为主，??我们搭配了黑色的就餐桌布和红色的桌旗和台花??，??枣红色的取餐桌布搭配复古港风的摆件和花艺装饰。??关于我们的餐食<主菜主食>中式粤菜??，西式煎扒??，海鲜菜品??，健康蔬菜??，东南亚菜式??等等??各种菜式，不再担心重口难调的问题，??每个人都能找到自己喜欢吃的，??特殊口味，也能特殊调整，简直不要太贴心。<甜点>??各类甜点，目不暇接，??多种口味，让甜点脑袋垂涎欲滴。<冷盘小吃>??中式糕点，健康沙拉??，美味汉堡??，新鲜刺身??，日式寿司??等等??食材新鲜，每样都色香味俱全，让人回味无穷。??想要了解更多活动餐饮定制????可以后台滴滴小翌+人数+类型????我是翌喜，总带给你下一个喜悦??#自助餐上门#广州自助餐上门#佛山自助餐上门#高端茶歇#活动茶歇#活动自助餐#餐饮到烩#翌喜餐饮到烩?#茶歇甜品台#商务茶歇#企业茶歇#茶歇冷餐#开业茶歇#公司开业茶歇#婚礼茶歇#酒会活动茶歇#乔迁茶歇#主题团建#商务茶歇#茶歇定制#企业下午茶茶歇#广州茶歇#团建推荐
[萌萌哒R][萌萌哒R]	2024/3/22	光是氛围感的来源｜江门婚礼跟拍｜撒落的阳光	https://www.xiaohongshu.com/explore/65fd9880000000001203cf09	??清水	广东	男方家在新会泮月居定的客房可以到泳池边拍照哈，阳光撒落下来氛围感拉满，而且酒店工作人员也很热心哈化妆：@乐禧新娘小蜜（看置顶）摄影：@Venhy梵希影像（看置顶）场地：@泮月居民宿
[飞吻R][飞吻R]	2024/3/25	穿越时空・中式婚礼传承之美｜佛山婚宴酒店	https://www.xiaohongshu.com/explore/65fd3d640000000012023466	佛山花开嫁日艺术婚礼中心	广东	??回复【1】获取价格??回复【2】了解同款??回复【3】查看地址-??婚礼主题：大明宫宴??宴 会 厅：中式厅??婚礼坐标：@佛山花开嫁日艺术婚礼中心-三书六礼，凤冠霞帔十里红妆，明媒正娶朝暮与年岁并往??与你携手共度余生中式婚礼太震撼了??-气势恢宏的传统中式婚礼采用中式古典建筑的美感宫灯摇曳??云雾渲染喜庆气氛-宫阙亭台 庄重大方雕龙画凤 栩栩如生每一处都匠心独具??也有着满满的好寓意瞬间给人带来沉浸感??-??了解价格|活动|风格|地址??小编在线，随时为您解答！/佛山婚宴酒店|佛山婚礼堂|佛山婚礼酒店佛山一站式婚礼|佛山婚礼|佛山婚礼策划一站式婚礼|婚礼堂|佛山备婚|婚礼酒店#佛山婚礼 #佛山备婚 #佛山同城 #婚礼场地分享 #佛山婚礼布置 #佛山婚礼堂 #婚礼堂 #婚礼堂酒店 #一站式婚礼 #一站式婚礼服务 #婚礼现场 #婚宴#婚宴酒店 #中式婚礼 #明式婚礼 #国风婚礼
真的很赞	2024/3/22		https://www.xiaohongshu.com/explore/65fd282300000000120205ef	大西瓜??_57985341	广东	婚礼结束啦【秀婚Y合作F】婚Y策划 | 找我婚礼z影F | 暮光映像z像F | OT vision新娘化y | IRIS MAKEUP-KK新郎化y | IRIS MAKEUP-JJ婚Y司x | 缘程古风社创始人恒缘婚礼执礼|缘程古风社首席执礼喜娘小美婚Y服 | 侨恩定制/淳刍樯茨惺课鞣 |侨恩定制/淳刍樯醇从凹从 | 质铝匍T蓝天摄影设宴场地 |佛山名都雍景湾大酒楼这次结婚真的超出预想 没想到效果能好成这样 找好婚礼策划师真的非常非常重要～老公无意间在抖音都到了找我婚礼 @找我婚礼广州店 太古汇地铁口隆德大厦那一家！！前期招待的是个超级暖男维维 一开始非常认真的沟通 我们喜欢的风格 或者是有没有特别需要添加的元素 沟通好前期之后 派给我一个超级顶的策划师金鱼@婚礼策划师-Chloe金鱼?? 整个婚礼都是她去串联 想法非常多 一直有想法就告诉我们 我们改了几次 帮我们压低了许多预算 你们可以看看我的婚礼布置 真的很好看很大气 传统中式比西式大气很多 维维推荐的暮光摄影ot摄像都特别赞 @暮光映画摄影工作室 @Outstanding Vision 婚礼结束摄影出图很快不说 超级好看啊 每个人都问我摄影是什么机构 丸子@丸子 兔纸@兔子 顶顶顶 真的拍得很好看 摄像也很赞 @（摄像剪辑）安妮??禁言中 本人胖 拍的我好好看 化妆师超级给力@IrisMakeup 女家@Iris Makeup kk 男家@Iris Makeup jj 都很好看 看到我的人都说我超级美 kk的妆一点不怎么掉 头饰帮我做的特别好 妆容好绝 主持老师也很赞 非常专业 古风口音也很赞@资深中英双语主持人恒缘 2位喜娘@中式婚礼司仪小美 也是不厌其烦教我们怎么去做 整个婚礼真的没有一点遗憾 物超所值 什么都值得了 朋友圈被我们的婚礼刷爆了 因为我是比较佛系的新娘 所以很多方面给不到太多时间工作人员 工作人员们操心啦 感恩遇见所有工作人员??给了我非常完整的婚礼
你的妆完美	2024/3/23		https://www.xiaohongshu.com/explore/65fd282300000000120205ef	大西瓜??_57985341	广东	婚礼结束啦【秀婚Y合作F】婚Y策划 | 找我婚礼z影F | 暮光映像z像F | OT vision新娘化y | IRIS MAKEUP-KK新郎化y | IRIS MAKEUP-JJ婚Y司x | 缘程古风社创始人恒缘婚礼执礼|缘程古风社首席执礼喜娘小美婚Y服 | 侨恩定制/淳刍樯茨惺课鞣 |侨恩定制/淳刍樯醇从凹从 | 质铝匍T蓝天摄影设宴场地 |佛山名都雍景湾大酒楼这次结婚真的超出预想 没想到效果能好成这样 找好婚礼策划师真的非常非常重要～老公无意间在抖音都到了找我婚礼 @找我婚礼广州店 太古汇地铁口隆德大厦那一家！！前期招待的是个超级暖男维维 一开始非常认真的沟通 我们喜欢的风格 或者是有没有特别需要添加的元素 沟通好前期之后 派给我一个超级顶的策划师金鱼@婚礼策划师-Chloe金鱼?? 整个婚礼都是她去串联 想法非常多 一直有想法就告诉我们 我们改了几次 帮我们压低了许多预算 你们可以看看我的婚礼布置 真的很好看很大气 传统中式比西式大气很多 维维推荐的暮光摄影ot摄像都特别赞 @暮光映画摄影工作室 @Outstanding Vision 婚礼结束摄影出图很快不说 超级好看啊 每个人都问我摄影是什么机构 丸子@丸子 兔纸@兔子 顶顶顶 真的拍得很好看 摄像也很赞 @（摄像剪辑）安妮??禁言中 本人胖 拍的我好好看 化妆师超级给力@IrisMakeup 女家@Iris Makeup kk 男家@Iris Makeup jj 都很好看 看到我的人都说我超级美 kk的妆一点不怎么掉 头饰帮我做的特别好 妆容好绝 主持老师也很赞 非常专业 古风口音也很赞@资深中英双语主持人恒缘 2位喜娘@中式婚礼司仪小美 也是不厌其烦教我们怎么去做 整个婚礼真的没有一点遗憾 物超所值 什么都值得了 朋友圈被我们的婚礼刷爆了 因为我是比较佛系的新娘 所以很多方面给不到太多时间工作人员 工作人员们操心啦 感恩遇见所有工作人员??给了我非常完整的婚礼
谢谢	2024/3/22		https://www.xiaohongshu.com/explore/65fd282300000000120205ef	大西瓜??_57985341	广东	婚礼结束啦【秀婚Y合作F】婚Y策划 | 找我婚礼z影F | 暮光映像z像F | OT vision新娘化y | IRIS MAKEUP-KK新郎化y | IRIS MAKEUP-JJ婚Y司x | 缘程古风社创始人恒缘婚礼执礼|缘程古风社首席执礼喜娘小美婚Y服 | 侨恩定制/淳刍樯茨惺课鞣 |侨恩定制/淳刍樯醇从凹从 | 质铝匍T蓝天摄影设宴场地 |佛山名都雍景湾大酒楼这次结婚真的超出预想 没想到效果能好成这样 找好婚礼策划师真的非常非常重要～老公无意间在抖音都到了找我婚礼 @找我婚礼广州店 太古汇地铁口隆德大厦那一家！！前期招待的是个超级暖男维维 一开始非常认真的沟通 我们喜欢的风格 或者是有没有特别需要添加的元素 沟通好前期之后 派给我一个超级顶的策划师金鱼@婚礼策划师-Chloe金鱼?? 整个婚礼都是她去串联 想法非常多 一直有想法就告诉我们 我们改了几次 帮我们压低了许多预算 你们可以看看我的婚礼布置 真的很好看很大气 传统中式比西式大气很多 维维推荐的暮光摄影ot摄像都特别赞 @暮光映画摄影工作室 @Outstanding Vision 婚礼结束摄影出图很快不说 超级好看啊 每个人都问我摄影是什么机构 丸子@丸子 兔纸@兔子 顶顶顶 真的拍得很好看 摄像也很赞 @（摄像剪辑）安妮??禁言中 本人胖 拍的我好好看 化妆师超级给力@IrisMakeup 女家@Iris Makeup kk 男家@Iris Makeup jj 都很好看 看到我的人都说我超级美 kk的妆一点不怎么掉 头饰帮我做的特别好 妆容好绝 主持老师也很赞 非常专业 古风口音也很赞@资深中英双语主持人恒缘 2位喜娘@中式婚礼司仪小美 也是不厌其烦教我们怎么去做 整个婚礼真的没有一点遗憾 物超所值 什么都值得了 朋友圈被我们的婚礼刷爆了 因为我是比较佛系的新娘 所以很多方面给不到太多时间工作人员 工作人员们操心啦 感恩遇见所有工作人员??给了我非常完整的婚礼
谢谢你	2024/3/22		https://www.xiaohongshu.com/explore/65fd282300000000120205ef	大西瓜??_57985341	广东	婚礼结束啦【秀婚Y合作F】婚Y策划 | 找我婚礼z影F | 暮光映像z像F | OT vision新娘化y | IRIS MAKEUP-KK新郎化y | IRIS MAKEUP-JJ婚Y司x | 缘程古风社创始人恒缘婚礼执礼|缘程古风社首席执礼喜娘小美婚Y服 | 侨恩定制/淳刍樯茨惺课鞣 |侨恩定制/淳刍樯醇从凹从 | 质铝匍T蓝天摄影设宴场地 |佛山名都雍景湾大酒楼这次结婚真的超出预想 没想到效果能好成这样 找好婚礼策划师真的非常非常重要～老公无意间在抖音都到了找我婚礼 @找我婚礼广州店 太古汇地铁口隆德大厦那一家！！前期招待的是个超级暖男维维 一开始非常认真的沟通 我们喜欢的风格 或者是有没有特别需要添加的元素 沟通好前期之后 派给我一个超级顶的策划师金鱼@婚礼策划师-Chloe金鱼?? 整个婚礼都是她去串联 想法非常多 一直有想法就告诉我们 我们改了几次 帮我们压低了许多预算 你们可以看看我的婚礼布置 真的很好看很大气 传统中式比西式大气很多 维维推荐的暮光摄影ot摄像都特别赞 @暮光映画摄影工作室 @Outstanding Vision 婚礼结束摄影出图很快不说 超级好看啊 每个人都问我摄影是什么机构 丸子@丸子 兔纸@兔子 顶顶顶 真的拍得很好看 摄像也很赞 @（摄像剪辑）安妮??禁言中 本人胖 拍的我好好看 化妆师超级给力@IrisMakeup 女家@Iris Makeup kk 男家@Iris Makeup jj 都很好看 看到我的人都说我超级美 kk的妆一点不怎么掉 头饰帮我做的特别好 妆容好绝 主持老师也很赞 非常专业 古风口音也很赞@资深中英双语主持人恒缘 2位喜娘@中式婚礼司仪小美 也是不厌其烦教我们怎么去做 整个婚礼真的没有一点遗憾 物超所值 什么都值得了 朋友圈被我们的婚礼刷爆了 因为我是比较佛系的新娘 所以很多方面给不到太多时间工作人员 工作人员们操心啦 感恩遇见所有工作人员??给了我非常完整的婚礼
谢谢哈哈哈[萌萌哒R][萌萌哒R][萌萌哒R]	2024/3/23	佛山花艺装置｜捕捉Fafa的美丽????	https://www.xiaohongshu.com/explore/65fd118d000000001203d280	大雄_婚Y策划	广东	春天里的每个大自然怎么少得了瀑布的Fafa用一朵朵春天色系的花瓣编制了春日瀑布????Planning 婚Y策划 /@Three婚礼设计策划Venue  布置场地 / @四季艺术汇
绝美了好吗！！！[抓狂R]	2024/3/22	我劲正佛山四大金刚团队	https://www.xiaohongshu.com/explore/65fbd4cb0000000014006416	Chloe	广东	婚礼过去差唔多一个月了，筹备婚礼一年，就系为左约齐我心目中最想订团队[耶R]化妆造型 感谢yuna~比我做左一日公主@DIDO MAKEUP-Yuna禁言中 @DIDO MAKEUP-化妆师Eva摄影 暮光丸子同良哥总会get到我想要S，距地话“只要你做自己，其他S交比我”@丸子 @UMG暮光艮叔 @暮光映画摄影工作室EVAH婚纱 当我一黎试纱，我就知道我走唔到噶了，巨重工，巨靓，完成我个公主梦@EVAH婚纱礼服摄像 我表情管理得唔好，但系你地捉拍得好好，仲帮我拍左个好写实花絮@川~映画主持 感谢一飞哥哥精彩主持~等我O两个社恐人可以出少两句声，督导姐姐服务周到，全程照顾我@主持??一飞策划 我O场地细，预算少，但系由头到尾不厌其烦帮我地改设计，帮我地做安排，现场真系好靓好满意@一喜婚礼定制―――――――――――――――――――感谢甘多位工作人员，辛苦大家！无你地，我地个婚礼都无钔昝~我将疃辔怀浦为史上最fit团队，婚礼结束，好多亲戚朋友都赞爆你地[红色心形R][红色心形R]
[红色心形R][红色心形R]朵谢你地啊	2024/3/21	我劲正佛山四大金刚团队	https://www.xiaohongshu.com/explore/65fbd4cb0000000014006416	Chloe	广东	婚礼过去差唔多一个月了，筹备婚礼一年，就系为左约齐我心目中最想订团队[耶R]化妆造型 感谢yuna~比我做左一日公主@DIDO MAKEUP-Yuna禁言中 @DIDO MAKEUP-化妆师Eva摄影 暮光丸子同良哥总会get到我想要S，距地话“只要你做自己，其他S交比我”@丸子 @UMG暮光艮叔 @暮光映画摄影工作室EVAH婚纱 当我一黎试纱，我就知道我走唔到噶了，巨重工，巨靓，完成我个公主梦@EVAH婚纱礼服摄像 我表情管理得唔好，但系你地捉拍得好好，仲帮我拍左个好写实花絮@川~映画主持 感谢一飞哥哥精彩主持~等我O两个社恐人可以出少两句声，督导姐姐服务周到，全程照顾我@主持??一飞策划 我O场地细，预算少，但系由头到尾不厌其烦帮我地改设计，帮我地做安排，现场真系好靓好满意@一喜婚礼定制―――――――――――――――――――感谢甘多位工作人员，辛苦大家！无你地，我地个婚礼都无钔昝~我将疃辔怀浦为史上最fit团队，婚礼结束，好多亲戚朋友都赞爆你地[红色心形R][红色心形R]
[红色心形R][红色心形R][红色心形R]	2024/3/21	我劲正佛山四大金刚团队	https://www.xiaohongshu.com/explore/65fbd4cb0000000014006416	Chloe	广东	婚礼过去差唔多一个月了，筹备婚礼一年，就系为左约齐我心目中最想订团队[耶R]化妆造型 感谢yuna~比我做左一日公主@DIDO MAKEUP-Yuna禁言中 @DIDO MAKEUP-化妆师Eva摄影 暮光丸子同良哥总会get到我想要S，距地话“只要你做自己，其他S交比我”@丸子 @UMG暮光艮叔 @暮光映画摄影工作室EVAH婚纱 当我一黎试纱，我就知道我走唔到噶了，巨重工，巨靓，完成我个公主梦@EVAH婚纱礼服摄像 我表情管理得唔好，但系你地捉拍得好好，仲帮我拍左个好写实花絮@川~映画主持 感谢一飞哥哥精彩主持~等我O两个社恐人可以出少两句声，督导姐姐服务周到，全程照顾我@主持??一飞策划 我O场地细，预算少，但系由头到尾不厌其烦帮我地改设计，帮我地做安排，现场真系好靓好满意@一喜婚礼定制―――――――――――――――――――感谢甘多位工作人员，辛苦大家！无你地，我地个婚礼都无钔昝~我将疃辔怀浦为史上最fit团队，婚礼结束，好多亲戚朋友都赞爆你地[红色心形R][红色心形R]
资深双机呢	2024/3/21	我劲正佛山四大金刚团队	https://www.xiaohongshu.com/explore/65fbd4cb0000000014006416	Chloe	广东	婚礼过去差唔多一个月了，筹备婚礼一年，就系为左约齐我心目中最想订团队[耶R]化妆造型 感谢yuna~比我做左一日公主@DIDO MAKEUP-Yuna禁言中 @DIDO MAKEUP-化妆师Eva摄影 暮光丸子同良哥总会get到我想要S，距地话“只要你做自己，其他S交比我”@丸子 @UMG暮光艮叔 @暮光映画摄影工作室EVAH婚纱 当我一黎试纱，我就知道我走唔到噶了，巨重工，巨靓，完成我个公主梦@EVAH婚纱礼服摄像 我表情管理得唔好，但系你地捉拍得好好，仲帮我拍左个好写实花絮@川~映画主持 感谢一飞哥哥精彩主持~等我O两个社恐人可以出少两句声，督导姐姐服务周到，全程照顾我@主持??一飞策划 我O场地细，预算少，但系由头到尾不厌其烦帮我地改设计，帮我地做安排，现场真系好靓好满意@一喜婚礼定制―――――――――――――――――――感谢甘多位工作人员，辛苦大家！无你地，我地个婚礼都无钔昝~我将疃辔怀浦为史上最fit团队，婚礼结束，好多亲戚朋友都赞爆你地[红色心形R][红色心形R]
在心中[耶R]	2024/3/21	我劲正佛山四大金刚团队	https://www.xiaohongshu.com/explore/65fbd4cb0000000014006416	Chloe	广东	婚礼过去差唔多一个月了，筹备婚礼一年，就系为左约齐我心目中最想订团队[耶R]化妆造型 感谢yuna~比我做左一日公主@DIDO MAKEUP-Yuna禁言中 @DIDO MAKEUP-化妆师Eva摄影 暮光丸子同良哥总会get到我想要S，距地话“只要你做自己，其他S交比我”@丸子 @UMG暮光艮叔 @暮光映画摄影工作室EVAH婚纱 当我一黎试纱，我就知道我走唔到噶了，巨重工，巨靓，完成我个公主梦@EVAH婚纱礼服摄像 我表情管理得唔好，但系你地捉拍得好好，仲帮我拍左个好写实花絮@川~映画主持 感谢一飞哥哥精彩主持~等我O两个社恐人可以出少两句声，督导姐姐服务周到，全程照顾我@主持??一飞策划 我O场地细，预算少，但系由头到尾不厌其烦帮我地改设计，帮我地做安排，现场真系好靓好满意@一喜婚礼定制―――――――――――――――――――感谢甘多位工作人员，辛苦大家！无你地，我地个婚礼都无钔昝~我将疃辔怀浦为史上最fit团队，婚礼结束，好多亲戚朋友都赞爆你地[红色心形R][红色心形R]
[偷笑R][红色心形R][红色心形R]	2024/3/22	我劲正佛山四大金刚团队	https://www.xiaohongshu.com/explore/65fbd4cb0000000014006416	Chloe	广东	婚礼过去差唔多一个月了，筹备婚礼一年，就系为左约齐我心目中最想订团队[耶R]化妆造型 感谢yuna~比我做左一日公主@DIDO MAKEUP-Yuna禁言中 @DIDO MAKEUP-化妆师Eva摄影 暮光丸子同良哥总会get到我想要S，距地话“只要你做自己，其他S交比我”@丸子 @UMG暮光艮叔 @暮光映画摄影工作室EVAH婚纱 当我一黎试纱，我就知道我走唔到噶了，巨重工，巨靓，完成我个公主梦@EVAH婚纱礼服摄像 我表情管理得唔好，但系你地捉拍得好好，仲帮我拍左个好写实花絮@川~映画主持 感谢一飞哥哥精彩主持~等我O两个社恐人可以出少两句声，督导姐姐服务周到，全程照顾我@主持??一飞策划 我O场地细，预算少，但系由头到尾不厌其烦帮我地改设计，帮我地做安排，现场真系好靓好满意@一喜婚礼定制―――――――――――――――――――感谢甘多位工作人员，辛苦大家！无你地，我地个婚礼都无钔昝~我将疃辔怀浦为史上最fit团队，婚礼结束，好多亲戚朋友都赞爆你地[红色心形R][红色心形R]
不到2w	2024/3/21	我劲正佛山四大金刚团队	https://www.xiaohongshu.com/explore/65fbd4cb0000000014006416	Chloe	广东	婚礼过去差唔多一个月了，筹备婚礼一年，就系为左约齐我心目中最想订团队[耶R]化妆造型 感谢yuna~比我做左一日公主@DIDO MAKEUP-Yuna禁言中 @DIDO MAKEUP-化妆师Eva摄影 暮光丸子同良哥总会get到我想要S，距地话“只要你做自己，其他S交比我”@丸子 @UMG暮光艮叔 @暮光映画摄影工作室EVAH婚纱 当我一黎试纱，我就知道我走唔到噶了，巨重工，巨靓，完成我个公主梦@EVAH婚纱礼服摄像 我表情管理得唔好，但系你地捉拍得好好，仲帮我拍左个好写实花絮@川~映画主持 感谢一飞哥哥精彩主持~等我O两个社恐人可以出少两句声，督导姐姐服务周到，全程照顾我@主持??一飞策划 我O场地细，预算少，但系由头到尾不厌其烦帮我地改设计，帮我地做安排，现场真系好靓好满意@一喜婚礼定制―――――――――――――――――――感谢甘多位工作人员，辛苦大家！无你地，我地个婚礼都无钔昝~我将疃辔怀浦为史上最fit团队，婚礼结束，好多亲戚朋友都赞爆你地[红色心形R][红色心形R]
整个场景布置的也都挺不错的[赞R]	2024/3/21	佛山华南唯爱婚礼策划姐妹们真的可以去了解	https://www.xiaohongshu.com/explore/65fc3b750000000013024304	哇哈哈俱乐部老板	广东	家人们，一定要给大家分享一下佛山华南唯爱婚礼策划！????@佛山华南唯爱婚礼策划他们真的太棒了，创意和执行都是一流的，给了我们一场梦幻般的婚礼！??场地布置得美轮美奂，每一个细节都让人惊艳，完全就是我梦想中的婚礼场景！??工作人员的服务也非常周到，从策划到执行都全程跟进，让我们特别舒心！??价格也非常实惠，性价比超高，让我们在预算内拥有了一场完美的婚礼！真心推荐给大家，选择佛山唯爱婚礼策划，绝对不会让你失望！??
谢谢哈哈哈哈	2024/3/21	摄影师总结｜户外婚礼要怎么筹备才能出片？	https://www.xiaohongshu.com/explore/65fbd9dd00000000120374a9	摄影师 星星的星	广东	??很多姐妹想办户外婚礼，但总是担心效果不好，也不知道怎样挑选服装才能更出片，星星帮大家总结了2点，看完就知道怎么筹备啦！??户外婚礼出片好看&高级的2个重点：1.婚礼场地环境好/草坪质量好，背景统一不穿帮。2.婚纱款式简约轻便，宾客们dress code同一色系。展开说说：??草坪环境好这个很好理解，草地平整，不要坑坑洼洼的，不然穿高跟鞋走路会很难走，比较优质的户外婚礼场地草坪都是有专人打理维护的，还有就是背景不要建筑物穿帮会更加分哦。??婚纱选择轻婚纱蕞佳，避免户外婚礼选择blingbling的主纱，不然裙摆太长&太重会非常损耗体力，而且在草坪拍出来也不好看，选择缎面或者比较细腻的面料，款式选择简约款或者是比较有设计感的款式很nice，无拖尾或者是小拖尾都非常适合。??婚礼邀请上提醒宾客们dress code，可以提前想好婚礼布置会出现的颜色，让大家配合一下服装色系，这样拍照呈现的效果也会棒！随手一拍都是色调和谐的画面。-蕞后，选择摄影师也非常非常的重要，风格合拍、输出稳定都需要重点看哦，千万不能只看价格～?我是摄影师星星，经常会分享一些从摄影师角度出发的总结小经验～欢迎常来看哦～??:@摄影师 星星的星#广州婚礼跟拍 #广州户外婚礼 #佛山婚礼跟拍 #佛山户外婚礼 #深圳婚礼跟拍 #深圳户外婚礼 #婚礼攻略 #户外婚礼
谢谢包子[飞吻R]	2024/3/22	摄影师总结｜户外婚礼要怎么筹备才能出片？	https://www.xiaohongshu.com/explore/65fbd9dd00000000120374a9	摄影师 星星的星	广东	??很多姐妹想办户外婚礼，但总是担心效果不好，也不知道怎样挑选服装才能更出片，星星帮大家总结了2点，看完就知道怎么筹备啦！??户外婚礼出片好看&高级的2个重点：1.婚礼场地环境好/草坪质量好，背景统一不穿帮。2.婚纱款式简约轻便，宾客们dress code同一色系。展开说说：??草坪环境好这个很好理解，草地平整，不要坑坑洼洼的，不然穿高跟鞋走路会很难走，比较优质的户外婚礼场地草坪都是有专人打理维护的，还有就是背景不要建筑物穿帮会更加分哦。??婚纱选择轻婚纱蕞佳，避免户外婚礼选择blingbling的主纱，不然裙摆太长&太重会非常损耗体力，而且在草坪拍出来也不好看，选择缎面或者比较细腻的面料，款式选择简约款或者是比较有设计感的款式很nice，无拖尾或者是小拖尾都非常适合。??婚礼邀请上提醒宾客们dress code，可以提前想好婚礼布置会出现的颜色，让大家配合一下服装色系，这样拍照呈现的效果也会棒！随手一拍都是色调和谐的画面。-蕞后，选择摄影师也非常非常的重要，风格合拍、输出稳定都需要重点看哦，千万不能只看价格～?我是摄影师星星，经常会分享一些从摄影师角度出发的总结小经验～欢迎常来看哦～??:@摄影师 星星的星#广州婚礼跟拍 #广州户外婚礼 #佛山婚礼跟拍 #佛山户外婚礼 #深圳婚礼跟拍 #深圳户外婚礼 #婚礼攻略 #户外婚礼
[萌萌哒R]成为“基建狂魔”	2024/3/21	??空中平台“造”瀑布 | ??广州户外婚礼	https://www.xiaohongshu.com/explore/65fb135c000000000d00c10f	蛋小姐Kami	广东	1??在广州做婚礼，对于户外的天气真的是无比焦虑。完全没有办法承诺新人怎么解决下雨这个问题，如果没有搭棚，只能接受淋雨。而这一次真的非常的幸运，让我体现了一把能观雨的浪漫。下着毛毛细雨和后面的白云山脉涌现的水汽，完全就是巨幅的水墨画作。2?? 非常罕见，拥有这么宽广的视线以及这么大承载量的空中平台。3??半空平台它拥有绝好的视线，能和背后的白云山山景起到一个呼应。从会堂的艺术品的灵感，我希望能将画作里面的河山和白云山脉做一个融合，仿佛从画作走出来到面前的实景。4??东方韵味的婚礼做了很多，有新中式的、古风的、小众南洋风的，还真的第一次针对“岭南”这个元素。??13年婚礼策划的蛋蛋频道，这里有赤裸裸的策划经验，避雷必备。?????♀?以上就是关于这次话题的分享，还有什么想知道的，欢迎各位小仙女们评论区见！??更多备婚过程的疑难杂症放心交给@广州礼节策划Eggcellent
还有琵琶 荔枝 龙眼[doge]	2024/3/21	??空中平台“造”瀑布 | ??广州户外婚礼	https://www.xiaohongshu.com/explore/65fb135c000000000d00c10f	蛋小姐Kami	广东	1??在广州做婚礼，对于户外的天气真的是无比焦虑。完全没有办法承诺新人怎么解决下雨这个问题，如果没有搭棚，只能接受淋雨。而这一次真的非常的幸运，让我体现了一把能观雨的浪漫。下着毛毛细雨和后面的白云山脉涌现的水汽，完全就是巨幅的水墨画作。2?? 非常罕见，拥有这么宽广的视线以及这么大承载量的空中平台。3??半空平台它拥有绝好的视线，能和背后的白云山山景起到一个呼应。从会堂的艺术品的灵感，我希望能将画作里面的河山和白云山脉做一个融合，仿佛从画作走出来到面前的实景。4??东方韵味的婚礼做了很多，有新中式的、古风的、小众南洋风的，还真的第一次针对“岭南”这个元素。??13年婚礼策划的蛋蛋频道，这里有赤裸裸的策划经验，避雷必备。?????♀?以上就是关于这次话题的分享，还有什么想知道的，欢迎各位小仙女们评论区见！??更多备婚过程的疑难杂症放心交给@广州礼节策划Eggcellent
[萌萌哒R]还可以更多可能	2024/3/21	??空中平台“造”瀑布 | ??广州户外婚礼	https://www.xiaohongshu.com/explore/65fb135c000000000d00c10f	蛋小姐Kami	广东	1??在广州做婚礼，对于户外的天气真的是无比焦虑。完全没有办法承诺新人怎么解决下雨这个问题，如果没有搭棚，只能接受淋雨。而这一次真的非常的幸运，让我体现了一把能观雨的浪漫。下着毛毛细雨和后面的白云山脉涌现的水汽，完全就是巨幅的水墨画作。2?? 非常罕见，拥有这么宽广的视线以及这么大承载量的空中平台。3??半空平台它拥有绝好的视线，能和背后的白云山山景起到一个呼应。从会堂的艺术品的灵感，我希望能将画作里面的河山和白云山脉做一个融合，仿佛从画作走出来到面前的实景。4??东方韵味的婚礼做了很多，有新中式的、古风的、小众南洋风的，还真的第一次针对“岭南”这个元素。??13年婚礼策划的蛋蛋频道，这里有赤裸裸的策划经验，避雷必备。?????♀?以上就是关于这次话题的分享，还有什么想知道的，欢迎各位小仙女们评论区见！??更多备婚过程的疑难杂症放心交给@广州礼节策划Eggcellent
这瀑布如我所愿[doge]	2024/3/21	??空中平台“造”瀑布 | ??广州户外婚礼	https://www.xiaohongshu.com/explore/65fb135c000000000d00c10f	蛋小姐Kami	广东	1??在广州做婚礼，对于户外的天气真的是无比焦虑。完全没有办法承诺新人怎么解决下雨这个问题，如果没有搭棚，只能接受淋雨。而这一次真的非常的幸运，让我体现了一把能观雨的浪漫。下着毛毛细雨和后面的白云山脉涌现的水汽，完全就是巨幅的水墨画作。2?? 非常罕见，拥有这么宽广的视线以及这么大承载量的空中平台。3??半空平台它拥有绝好的视线，能和背后的白云山山景起到一个呼应。从会堂的艺术品的灵感，我希望能将画作里面的河山和白云山脉做一个融合，仿佛从画作走出来到面前的实景。4??东方韵味的婚礼做了很多，有新中式的、古风的、小众南洋风的，还真的第一次针对“岭南”这个元素。??13年婚礼策划的蛋蛋频道，这里有赤裸裸的策划经验，避雷必备。?????♀?以上就是关于这次话题的分享，还有什么想知道的，欢迎各位小仙女们评论区见！??更多备婚过程的疑难杂症放心交给@广州礼节策划Eggcellent
[doge]时间不多了，哈哈哈哈	2024/3/21	??空中平台“造”瀑布 | ??广州户外婚礼	https://www.xiaohongshu.com/explore/65fb135c000000000d00c10f	蛋小姐Kami	广东	1??在广州做婚礼，对于户外的天气真的是无比焦虑。完全没有办法承诺新人怎么解决下雨这个问题，如果没有搭棚，只能接受淋雨。而这一次真的非常的幸运，让我体现了一把能观雨的浪漫。下着毛毛细雨和后面的白云山脉涌现的水汽，完全就是巨幅的水墨画作。2?? 非常罕见，拥有这么宽广的视线以及这么大承载量的空中平台。3??半空平台它拥有绝好的视线，能和背后的白云山山景起到一个呼应。从会堂的艺术品的灵感，我希望能将画作里面的河山和白云山脉做一个融合，仿佛从画作走出来到面前的实景。4??东方韵味的婚礼做了很多，有新中式的、古风的、小众南洋风的，还真的第一次针对“岭南”这个元素。??13年婚礼策划的蛋蛋频道，这里有赤裸裸的策划经验，避雷必备。?????♀?以上就是关于这次话题的分享，还有什么想知道的，欢迎各位小仙女们评论区见！??更多备婚过程的疑难杂症放心交给@广州礼节策划Eggcellent
你在哪个城市	2024/3/24	佛山婚礼｜小预算都有吊顶婚礼哦	https://www.xiaohongshu.com/explore/65f9855300000000140047b1	kaka小姐姐	广东	酒店：佛山雅汇悦豪国际酒店策划：柏悦婚礼交接区做了吊顶的设计，屏幕保留出来播放视频。#婚礼策划 #婚庆布置 #佛山婚礼 #中山婚礼 #小众婚礼 #广州婚礼 #深圳婚礼 #东莞婚礼 #珠海婚礼
宝子，你在哪个城市	2024/3/22	佛山婚礼｜小预算都有吊顶婚礼哦	https://www.xiaohongshu.com/explore/65f9855300000000140047b1	kaka小姐姐	广东	酒店：佛山雅汇悦豪国际酒店策划：柏悦婚礼交接区做了吊顶的设计，屏幕保留出来播放视频。#婚礼策划 #婚庆布置 #佛山婚礼 #中山婚礼 #小众婚礼 #广州婚礼 #深圳婚礼 #东莞婚礼 #珠海婚礼
好的亲，看看丝芯哦	2024/3/22	哭了，这真的是普通人可以拥有的婚礼吗！	https://www.xiaohongshu.com/explore/65f9678200000000120235d9	美悦盛宴婚礼艺术中心	广东	“娶到心爱的女孩，像打了一场胜仗”??今天分享的这场婚礼，不仅现场美到了我心巴上??新娘的出片率也把我惊艳到了??・??婚礼主题：<深海秘境>海洋主题婚礼??婚礼风格：梦幻 童话 海洋风・接亲作为婚礼当天的第一个环节必须狠狠记录起来??有镜头尴尬症的宝贝们可以参考这位新娘的拍照姿势再配上一些辅助道具??出片率简直不要太高・婚宴在亚特兰蒂斯深海秘境厅进行融入蓝鲸、水母、城堡与珊瑚等元素??营造出梦境与现实交错的氛围新郎牵起新娘手的瞬间宛如一位打了胜仗的勇士??这一刻 幸福的感觉被具象化当深海奏鸣曲响起?海神波塞冬将对他们施下幸福的魔法??・最后~想和伴郎伴娘拍大合照的宝子，一定要记得提前跟摄影师沟通好~文案已经帮你们准备好啦：最好的朋友就在身边，最爱的人就在眼前?・??想get同款，可以选择我们??@美悦盛宴婚礼艺术中心??广州-佛山-深圳线下均有门店??婚宴场地、摄影摄像、化妆主持团队，全程一条龙服务??资深婚礼策划师，1v1量身打造专属婚礼流程??震撼婚礼秀+婚前探店服务，提前现场体验??沉浸式宴会厅，可容纳4-42桌・评论区回复“1”，获取婚礼场地信息评论区回复“2”，获取婚礼价目表.#佛山婚礼??#广州婚礼??#深圳婚礼??#一站式婚礼??#美悦盛宴??#希乐曼婚礼艺术中心??#备婚大作战??#中式婚礼??#西式婚礼
姐妹恭喜呀！！你开始找四大了吗 我感觉好迷茫[哭惹R]	2024/3/20	懒人佛系备婚（听劝版！！！	https://www.xiaohongshu.com/explore/65f91a9a000000000d00dd17	爱吃烤肉的卡卡	广东	小红书的各位姐妹们求推荐靠谱的各大婚礼团队！！！地标：佛山顺德[害羞R][害羞R] 目前只定了婚宴场地和婚纱西装，其他真的毫无头绪毫无方向一整个无从下手[笑哭R][笑哭R]也欢迎团队自荐！！#备婚 #婚礼 #备婚日记 #婚礼跟拍 #佛山婚礼 #顺德婚礼 #顺德婚礼布置 #顺德婚礼四大金刚 #顺德婚礼策划 #顺德婚礼摄影
请问有什么雷哇，正在挑婚庆[笑哭R]	2024/3/23	懒人佛系备婚（听劝版！！！	https://www.xiaohongshu.com/explore/65f91a9a000000000d00dd17	爱吃烤肉的卡卡	广东	小红书的各位姐妹们求推荐靠谱的各大婚礼团队！！！地标：佛山顺德[害羞R][害羞R] 目前只定了婚宴场地和婚纱西装，其他真的毫无头绪毫无方向一整个无从下手[笑哭R][笑哭R]也欢迎团队自荐！！#备婚 #婚礼 #备婚日记 #婚礼跟拍 #佛山婚礼 #顺德婚礼 #顺德婚礼布置 #顺德婚礼四大金刚 #顺德婚礼策划 #顺德婚礼摄影
给老板娘你撑撑场面[害羞R]	2024/3/20	懒人佛系备婚（听劝版！！！	https://www.xiaohongshu.com/explore/65f91a9a000000000d00dd17	爱吃烤肉的卡卡	广东	小红书的各位姐妹们求推荐靠谱的各大婚礼团队！！！地标：佛山顺德[害羞R][害羞R] 目前只定了婚宴场地和婚纱西装，其他真的毫无头绪毫无方向一整个无从下手[笑哭R][笑哭R]也欢迎团队自荐！！#备婚 #婚礼 #备婚日记 #婚礼跟拍 #佛山婚礼 #顺德婚礼 #顺德婚礼布置 #顺德婚礼四大金刚 #顺德婚礼策划 #顺德婚礼摄影
谢谢[玫瑰R]	2024/3/21	懒人佛系备婚（听劝版！！！	https://www.xiaohongshu.com/explore/65f91a9a000000000d00dd17	爱吃烤肉的卡卡	广东	小红书的各位姐妹们求推荐靠谱的各大婚礼团队！！！地标：佛山顺德[害羞R][害羞R] 目前只定了婚宴场地和婚纱西装，其他真的毫无头绪毫无方向一整个无从下手[笑哭R][笑哭R]也欢迎团队自荐！！#备婚 #婚礼 #备婚日记 #婚礼跟拍 #佛山婚礼 #顺德婚礼 #顺德婚礼布置 #顺德婚礼四大金刚 #顺德婚礼策划 #顺德婚礼摄影
这是什么环节	2024/3/20	懒人佛系备婚（听劝版！！！	https://www.xiaohongshu.com/explore/65f91a9a000000000d00dd17	爱吃烤肉的卡卡	广东	小红书的各位姐妹们求推荐靠谱的各大婚礼团队！！！地标：佛山顺德[害羞R][害羞R] 目前只定了婚宴场地和婚纱西装，其他真的毫无头绪毫无方向一整个无从下手[笑哭R][笑哭R]也欢迎团队自荐！！#备婚 #婚礼 #备婚日记 #婚礼跟拍 #佛山婚礼 #顺德婚礼 #顺德婚礼布置 #顺德婚礼四大金刚 #顺德婚礼策划 #顺德婚礼摄影
不早的 有喜欢的赶紧订吧 如果是大旺日 就会被人订走[偷笑R]	2024/3/20	5.17佛山禅城备婚进度	https://www.xiaohongshu.com/explore/65f8dd51000000001203e82f	一粒粒（备婚版）	广东	自从定下日子后 每个周末都在备婚 逛买逛买[捂脸R]主要的都订好啦 还有一些零零碎碎的[赞R]#备婚 #佛山禅城 #婚礼道具 #备婚进度
恭喜恭喜[偷笑R]我也觉得这天没啥人[捂脸R]	2024/3/20	5.17佛山禅城备婚进度	https://www.xiaohongshu.com/explore/65f8dd51000000001203e82f	一粒粒（备婚版）	广东	自从定下日子后 每个周末都在备婚 逛买逛买[捂脸R]主要的都订好啦 还有一些零零碎碎的[赞R]#备婚 #佛山禅城 #婚礼道具 #备婚进度
总监3980	2024/3/20	5.17佛山禅城备婚进度	https://www.xiaohongshu.com/explore/65f8dd51000000001203e82f	一粒粒（备婚版）	广东	自从定下日子后 每个周末都在备婚 逛买逛买[捂脸R]主要的都订好啦 还有一些零零碎碎的[赞R]#备婚 #佛山禅城 #婚礼道具 #备婚进度
嗯呢，那天确实很旺，我们也是算好日子后立马确定酒席的[微笑R]	2024/3/21	11.17 佛山南海备婚进度	https://www.xiaohongshu.com/explore/65f83ac70000000013025475	李可欣	广东	3月初正式确定婚期后，每个周末都奔走在确定婚礼的各种事情上，终于把最大头的几个事情确定了下来，接下来就是正式策划婚礼布置现场阶段啦！[派对R]#备婚 #婚礼
[派对R]	2024/3/21	11.17 佛山南海备婚进度	https://www.xiaohongshu.com/explore/65f83ac70000000013025475	李可欣	广东	3月初正式确定婚期后，每个周末都奔走在确定婚礼的各种事情上，终于把最大头的几个事情确定了下来，接下来就是正式策划婚礼布置现场阶段啦！[派对R]#备婚 #婚礼
真不错[赞R]	2024/3/24	11.17 佛山南海备婚进度	https://www.xiaohongshu.com/explore/65f83ac70000000013025475	李可欣	广东	3月初正式确定婚期后，每个周末都奔走在确定婚礼的各种事情上，终于把最大头的几个事情确定了下来，接下来就是正式策划婚礼布置现场阶段啦！[派对R]#备婚 #婚礼
没有档期了 [皱眉R]	2024/3/23	广州婚礼跟拍 | 是遗落人间的仙女啊	https://www.xiaohongshu.com/explore/65b1e229000000001100dce2	ZhuangXy庄小亦摄影	广东	婚礼那天，阳光正好一整天的浪漫 独属于他们余爱的婚纱太美了 真的好绝超级有氛围感场地：广州四海马术婚庆：@枝也会社婚礼婚纱：@余爱手作婚纱摄影：庄小亦摄影工作室纪实婚礼跟拍 | 婚礼|婚礼跟拍|婚礼日|婚礼拍摄|婚礼摄影|广州婚礼|广州备婚| 深圳婚礼|深圳备婚| 东莞备婚|备婚日常|备婚攻略|广州| 佛山|深圳|东莞|顺德 | 潮州 | 汕头| 汕尾| 揭阳 | 普宁|云浮惠州|| 佛山|广东|#佛山婚礼跟拍#广州婚礼跟拍 #惠州婚礼跟拍 #纪实婚礼跟拍 #户外婚礼 #婚礼纪实 #浪漫生活的记录者 #笔记灵感 #今日快乐今日发#见证爱情最美的样子 #记录吧就现在 #出嫁 #令人心动的爱情瞬间 #拍照姿势不重样#拍照姿势不重样 #送姐妹出嫁 #每秒都值得记录 #女明星同款婚礼 #遇见你很幸运 #遇见你很幸运#昏礼 #我的走心婚礼 #婚礼灵感 #真实婚礼#遇见你很幸运 #我的走心婚礼#婚礼 #备婚 #真实婚#婚礼跟拍 #婚礼现场#笔记灵感 #拍照姿势不重样 #浪漫生活的记录者 #令人心动的爱情瞬间 #令人心动的爱情瞬间#笔记灵感 #令人心动的爱情瞬间 #遇见你很幸运#拍照姿势不重样 #婚礼跟拍#我的走心婚礼 #婚礼现场#婚昏礼 #备婚 #摄影 聊聊爱情吧 @薯队长 @薯条小助手 @摄影薯?
[喝奶茶R]	2024/3/23	婚礼Live | 春日信号??你盛开在我的花园里	https://www.xiaohongshu.com/explore/65f582100000000014005c07	卡络婚礼	广东	已经有春天的氛围啦！-??根据新人喜好设计出这个舞台就像是哈尔的城堡与苏菲的花园最好的总在不经意间出现??-婚礼策划： @卡络婚礼VLOG @婚礼策划师Nancy婚礼场地：佛山・保利洲际酒店-坐标佛山｜婚礼策划｜全国服务｜广东婚礼室内婚礼｜户外婚礼｜订婚求婚｜布置设计宴会设计｜花艺设计｜定制设计｜婚礼灵感???????????? ??????????????-#卡络婚礼 #婚礼策划 #婚礼布置 #婚礼现场布置 #婚礼灵感 #真实婚礼 #婚礼现场 #婚礼live #婚礼live图 #婚礼live直出 #小众婚礼 #小众婚礼定制 #设计感婚礼 #婚礼设计灵感 #设计感婚礼 #高级婚礼定制
[赞R][赞R]超赞	2024/3/23	婚礼Live | 春日信号??你盛开在我的花园里	https://www.xiaohongshu.com/explore/65f582100000000014005c07	卡络婚礼	广东	已经有春天的氛围啦！-??根据新人喜好设计出这个舞台就像是哈尔的城堡与苏菲的花园最好的总在不经意间出现??-婚礼策划： @卡络婚礼VLOG @婚礼策划师Nancy婚礼场地：佛山・保利洲际酒店-坐标佛山｜婚礼策划｜全国服务｜广东婚礼室内婚礼｜户外婚礼｜订婚求婚｜布置设计宴会设计｜花艺设计｜定制设计｜婚礼灵感???????????? ??????????????-#卡络婚礼 #婚礼策划 #婚礼布置 #婚礼现场布置 #婚礼灵感 #真实婚礼 #婚礼现场 #婚礼live #婚礼live图 #婚礼live直出 #小众婚礼 #小众婚礼定制 #设计感婚礼 #婚礼设计灵感 #设计感婚礼 #高级婚礼定制
滴滴[偷笑R]	2024/3/21	阴雨天的户外婚礼也有独特的氛围感	https://www.xiaohongshu.com/explore/65f417920000000013024a91	HK黑卡婚礼电影	广东	晴天很好雨天也不坏户外婚礼遇上下雨天也是一种独有的浪漫氛围-#firstlook #婚礼firstlook #无接亲婚礼 #三无婚礼 #户外婚礼 #草坪婚礼 #广州婚礼 #小众婚礼 #佛山婚礼 #婚礼跟拍 #备婚攻略 #婚礼四大金刚 #广州婚礼跟拍 #婚庆 #婚礼记录 #婚礼摄像 #纪实 #广州纪实婚礼摄像 #深圳婚礼摄像 #清远婚礼跟拍 #惠州婚礼跟拍 #广州户外婚礼场地 #婚礼视频 #婚礼微电影 #婚礼预告 #婚礼快剪 #真实婚礼 #结婚#户外婚礼下雨#氛围感跟拍 #全国婚礼跟拍 #电影感婚礼
